"id","title","level","programmeType","institution","city","credits","duration","topics","description","officialProgrammeUrl","sourceUrl","intake2027Status","intake2027Label","intake2027Note","availabilitySourceUrl","lastChecked"
"university-of-southern-denmark-sdu:odense:accounting-and-finance","Accounting and Finance","master","master","University of Southern Denmark (SDU)","Odense","","2 years","business-management","Description Gain competencies around key financial issues within an enterprise. Build a foundation to manage a firm’s financial decisions.…","http://www.sdu.dk/en/Uddannelse/Kandidat/CandMercAccFinanceOd","https://studyindenmark.dk/portal/university-of-southern-denmark-sdu/odense/accounting-and-finance","","","","","2026-08-02"
"copenhagen-business-school-cbs:frederiksberg-campus:accounting-strategy-and-control-msc","Accounting, Strategy and Control (MSc)","master","master","Copenhagen Business School (CBS)","Frederiksberg / Copenhagen","","2 years","business-management | design-architecture-arts","Description By working with measurements of cost, performance and risk, you will learn to identify strategic challenges within organisations, and to design the proper course of action and incentive structures to respond to them.…","https://www.cbs.dk/en/study-programmes/master-programmes/msc-economics-and-business-administration-accounting-strategy","https://studyindenmark.dk/portal/copenhagen-business-school-cbs/frederiksberg-campus/accounting-strategy-and-control-msc","","","","","2026-08-02"
"university-of-copenhagen-ucph:north-campus:actuarial-mathematics","Actuarial Mathematics","master","master","University of Copenhagen (UCPH)","North Campus","120","2 years","business-management | natural-science","Description You should pursue an MSc in Actuarial Mathematics if you enjoy working with numbers. You will, among other things, be engaged in addressing various types of damage insurance, life insurance, insurance economics, insurance…","https://www.ku.dk/studies/masters/actuarial-mathematics","https://studyindenmark.dk/portal/university-of-copenhagen-ucph/north-campus/actuarial-mathematics","","","","","2026-08-02"
"copenhagen-business-school-cbs:frederiksberg-campus:advanced-economics-and-finance-msc","Advanced Economics and Finance (MSc)","master","master","Copenhagen Business School (CBS)","Frederiksberg / Copenhagen","","2 years","business-management","Description The MSc in Advanced Economics and Finance accommodates the need for economists with strong quantitative competencies. The programme is a thorough preparation for a variety of careers.…","https://www.cbs.dk/en/study-programmes/master-programmes/msc-economics-and-finance-advanced-economics-and-finance","https://studyindenmark.dk/portal/copenhagen-business-school-cbs/frederiksberg-campus/advanced-economics-and-finance-msc","","","","","2026-08-02"
"university-of-copenhagen-ucph:south-campus:advanced-migration-studies","Advanced Migration Studies","master","master","University of Copenhagen (UCPH)","South Campus","","2 years","society-politics","Description The master’s degree in Advanced Migration Studies is an ambitious, interdisciplinary two-year degree programme offered in English that provides students with a comprehensive understanding of the opportunities and challenges…","https://www.ku.dk/studies/masters/advanced-migration-studies","https://studyindenmark.dk/portal/university-of-copenhagen-ucph/south-campus/advanced-migration-studies","","","","","2026-08-02"
"aalborg-university-aau:esbjerg:advanced-power-electronics-msc-in-engineering","Advanced Power Electronics, MSc in Engineering","master","master","Aalborg University (AAU)","Esbjerg","","2 years","engineering-technology","Description In this programme at AAU Esbjerg , you will study advanced power electronics, electrical machines with strong focus on control engineering, optimisation and reliability.…","https://www.en.aau.dk/education/master/advanced-power-electronics","https://studyindenmark.dk/portal/aalborg-university-aau/esbjerg/advanced-power-electronics-msc-in-engineering","","","","","2026-08-02"
"university-of-copenhagen-ucph:city-campus:african-studies","African studies","master","master","University of Copenhagen (UCPH)","City Campus","","2 years","other","Description What is Africa? What is Africa’s place in the world? How might emerging trends within the continent be analysed and appreciated?…","https://www.ku.dk/studies/masters/african-studies","https://studyindenmark.dk/portal/university-of-copenhagen-ucph/city-campus/african-studies","","","","","2026-08-02"
"university-of-copenhagen-ucph:frederiksberg-campus:agricultural-economics","Agricultural Economics","master","master","University of Copenhagen (UCPH)","Frederiksberg / Copenhagen","","2 years","business-management | health-life-science | natural-science | society-politics","Description As an Msc Student of Agricultural Economics you will work with economics and policy in an international perspective with a special emphasis on food, agribusiness and development.…","https://www.ku.dk/studies/masters/agricultural-economics","https://studyindenmark.dk/portal/university-of-copenhagen-ucph/frederiksberg-campus/agricultural-economics","","","","","2026-08-02"
"university-of-copenhagen-ucph:frederiksberg-campus:agriculture","Agriculture","master","master","University of Copenhagen (UCPH)","Frederiksberg / Copenhagen","","2 years","natural-science","Description The MSc programme in Agriculture is a broad programme targeted at students who are interested in the potentials of plants for the benefit of humans and in agriculture as a human activity.…","https://www.ku.dk/studies/masters/agriculture","https://studyindenmark.dk/portal/university-of-copenhagen-ucph/frederiksberg-campus/agriculture","","","","","2026-08-02"
"aarhus-university-au:aarhus:agrobiology","Agrobiology","master","master","Aarhus University (AU)","Aarhus","","2 years","health-life-science | natural-science | sustainability-climate | society-politics","Developing solutions for healthy food production while decreasing environmental impact and increasing animal welfare is the main focus in the Agrobiology programme at Aarhus University.…","https://masters.au.dk/agrobiology","https://studyindenmark.dk/portal/aarhus-university-au/aarhus/agrobiology","","","","","2026-08-02"
"university-of-southern-denmark-sdu:odense:american-studies","American Studies","master","master","University of Southern Denmark (SDU)","Odense","","2 years","society-politics | humanities-culture","Description What does it mean to be an American? Is there a shared American culture, or is that just something Europeans imagine? Study the global superpower - and get the chance to experience it yourself.…","https://www.sdu.dk/en/Uddannelse/Kandidat/Amerikanske_studier","https://studyindenmark.dk/portal/university-of-southern-denmark-sdu/odense/american-studies","","","","","2026-08-02"
"university-of-copenhagen-ucph:city-campus:anthropology","Anthropology","master","master","University of Copenhagen (UCPH)","City Campus","","2 years","society-politics","Description The MSc in Anthropology is a two-year degree programme taught at one of the largest anthropological research establishments in Europe, The Departement of Anthropology at the University of Copenhagen.…","https://www.ku.dk/studies/masters/anthropology","https://studyindenmark.dk/portal/university-of-copenhagen-ucph/city-campus/anthropology","","","","","2026-08-02"
"aarhus-university-au:aarhus:feffanthropology-visual-anthropology","Anthropology - Visual Anthropology","master","master","Aarhus University (AU)","Aarhus","","2 years","business-management | design-architecture-arts | society-politics","Whether they study the traditions of an indigenous group in Brazil or the social organisation of an international fashion company, anthropologists are concerned with identifying the cultural norms, beliefs, and power structures that make up…","https://masters.au.dk/anthropology","https://studyindenmark.dk/portal/aarhus-university-au/aarhus/feffanthropology-visual-anthropology","","","","","2026-08-02"
"university-of-copenhagen-ucph:south-campus:applied-cultural-analysis","Applied Cultural Analysis","master","master","University of Copenhagen (UCPH)","South Campus","","2 years","other","Description The MA in Applied Cultural Analysis teaches students how to conduct cultural analysis, solving concrete problems in corporations, public institutions and NGO’s.…","https://www.ku.dk/studies/masters/applied-cultural-analysis","https://studyindenmark.dk/portal/university-of-copenhagen-ucph/south-campus/applied-cultural-analysis","","","","","2026-08-02"
"copenhagen-business-school-cbs:frederiksberg-campus:applied-economics-and-finance-msc","Applied Economics and Finance (MSc)","master","master","Copenhagen Business School (CBS)","Frederiksberg / Copenhagen","","2 years","business-management","Description Applied Economics and Finance provides you with the essential business knowledge, analytical skills, and competencies to analyze the economic context in which firms operate, to evaluate financial risks, and to make sound…","https://www.cbs.dk/en/study-programmes/master-programmes/msc-economics-and-finance-applied-economics-and-finance","https://studyindenmark.dk/portal/copenhagen-business-school-cbs/frederiksberg-campus/applied-economics-and-finance-msc","","","","","2026-08-02"
"aalborg-university-aau:esbjerg:applied-industrial-electronics-bsc-in-engineering","Applied Industrial Electronics, BSc in Engineering","bachelor","bachelor","Aalborg University (AAU)","Esbjerg","180","3 years","it-data | engineering-technology | design-architecture-arts","At Applied Industrial Electronics, you develop technologies for automation and control of industrial processes and autonomous drones. You design and control, for example, robots, and develop electronic solutions for industry.…","https://www.en.aau.dk/education/bachelor/applied-industrial-electronics","https://studyindenmark.dk/portal/aalborg-university-aau/esbjerg/applied-industrial-electronics-bsc-in-engineering","","","","","2026-08-02"
"university-of-southern-denmark-sdu:odense:applied-mathematics","Applied Mathematics","master","master","University of Southern Denmark (SDU)","Odense","","2 years","business-management | it-data | natural-science","Description Do you want to be a problem solver? Would you like to learn to utilise advanced mathematical tools and computers to model, analyse and solve complex problems in business or research? Then study Applied Mathematics in Odense.…","https://www.sdu.dk/en/Uddannelse/Kandidat/Anvendt_matematik","https://studyindenmark.dk/portal/university-of-southern-denmark-sdu/odense/applied-mathematics","","","","","2026-08-02"
"via-university-college:campus-horsens:architectural-technology-and-construction","Architectural Technology and Construction Management","bachelor","bachelor","VIA University College","Campus Horsens","210","3,5 years","business-management | engineering-technology","At the Architectural Technology and Construction Management study programme, you will learn to plan, execute and manage construction projects. We work with both small and large projects from start to finish.","https://en.via.dk/programmes/bachelor/architectural-technology","https://studyindenmark.dk/portal/via-university-college/campus-horsens/architectural-technology-and-construction","","","","","2026-08-02"
"aarhus-school-of-architecture:aarhus:architecture","Architecture","master","master","Aarhus School of Architecture","Aarhus","","2 years","design-architecture-arts","Aarhus School of Architecture offers a two-year Master's degree programme. The Master of Arts in Architecture is a general architecture program, offering a profiling in (Urban) Planning, Building Design and Landscape Architecture.…","http://aarch.dk/","https://studyindenmark.dk/portal/aarhus-school-of-architecture/aarhus/architecture","","","","","2026-08-02"
"royal-danish-academy-architecture-design-and:copenhagen:architecture-and-extreme-environments","Architecture and Extreme Environments","master","master","Royal Danish Academy — Architecture, Design, Conservation","Copenhagen","","2 years","it-data | engineering-technology | design-architecture-arts | natural-science | sustainability-climate | society-politics | humanities-culture","Description This Master programme pursues to explore the intersection between architecture, technology, culture and environment. Through a site-specific approach, we aim to respond to present and future global challenges through 'research…","https://royaldanishacademy.com//programme/architecture-and-extreme-environments","https://studyindenmark.dk/portal/royal-danish-academy-architecture-design-and/copenhagen/architecture-and-extreme-environments","","","","","2026-08-02"
"aalborg-university-aau:aalborg:architecture-msc-in-engineering","Architecture, MSc in Engineering","master","master","Aalborg University (AAU)","Aalborg","","2 years","engineering-technology | design-architecture-arts","Get a Master’s in Architecture at AAU. Immerse yourself in architecture and tectonic design and work with the connection between space and construction, as well as the aesthetic possibilities of the technical solutions necessary for humans…","https://www.en.aau.dk/education/master/architecture/","https://studyindenmark.dk/portal/aalborg-university-aau/aalborg/architecture-msc-in-engineering","","","","","2026-08-02"
"aalborg-university-aau:aalborg:arctic-studies-specialisation-of-culture","Arctic Studies, Specialisation of Culture, Communication and Globalisation","master","master","Aalborg University (AAU)","Aalborg","","2 years","society-politics | humanities-culture | communication-media","Description Arctic Studies provide an opportunity for students to focus on the Arctic as a particular field of specialisation within their chosen master’s degree programme.…","https://www.en.aau.dk/education/master/culture-communication-and-globalization/arctic-studies","https://studyindenmark.dk/portal/aalborg-university-aau/aalborg/arctic-studies-specialisation-of-culture","","","","","2026-08-02"
"funen-art-academy:odense:art-advanced-module","Art - Advanced module","master","master","Funen Art Academy","Odense","","2 years","design-architecture-arts | society-politics | education-learning","Description Funen Art Academy is a five year higher education in contemporary visual arts striving to provide students with the best foundation possible for the development of a professional and critical artistic practice in a globalised…","http://www.funenartacademy.com/","https://studyindenmark.dk/portal/funen-art-academy/odense/art-advanced-module","","","","","2026-08-02"
"funen-art-academy:odense:art-basic-module","Art - Basic module","bachelor","bachelor","Funen Art Academy","Odense","","3 years","design-architecture-arts | society-politics | education-learning","Description Funen Art Academy is a five year higher education in contemporary visual arts striving to provide students with the best foundation possible for the development of a professional and critical artistic practice in a globalised…","http://www.funenartacademy.com/","https://studyindenmark.dk/portal/funen-art-academy/odense/art-basic-module","","","","","2026-08-02"
"university-of-southern-denmark-sdu:vejle:artificial-intelligence","Artificial Intelligence","bachelor","bachelor","University of Southern Denmark (SDU)","Vejle","","3 years","it-data | engineering-technology | design-architecture-arts","Artificial Intelligence – Shaping the Future with Intelligent Technology Studying Artificial Intelligence at SDU Vejle gives you a comprehensive introduction to one of the most rapidly evolving and influential fields shaping the digital…","https://www.sdu.dk/en/uddannelse/bachelor/artificial-intelligence-vejle","https://studyindenmark.dk/portal/university-of-southern-denmark-sdu/vejle/artificial-intelligence","","","","","2026-08-02"
"the-royal-danish-academy-of-music:study-programmes-within-music-and-music-pedagogy:aural-training-master","Aural Training - Master","master","master","Royal Danish Academy of Music","Study Programmes Within Music And Music Pedagogy","","2 years","education-learning","Description As a postgraduate student of teaching aural training, you will be part of a small, but exclusive group. 1-2 students are accepted every year. The study programme is divided into two lines.…","https://www.dkdm.dk/en/education/aural-training","https://studyindenmark.dk/portal/the-royal-danish-academy-of-music/study-programmes-within-music-and-music-pedagogy/aural-training-master","","","","","2026-08-02"
"roskilde-university-ruc:roskilde:bachelor-in-global-humanities","Bachelor in Global Humanities","bachelor","bachelor","Roskilde University (RUC)","Roskilde","","3 years","society-politics | humanities-culture","The Bachelor in Global Humanities gives you an international and interdisciplinary approach to the study of the humanities.","https://ruc.dk/en/international-bachelor-humanities-int","https://studyindenmark.dk/portal/roskilde-university-ruc/roskilde/bachelor-in-global-humanities","","","","","2026-08-02"
"university-college-absalon:kalundborg:bachelor-of-engineering-in-biotechnology","Bachelor of Engineering in Biotechnology","bachelor","bachelor","University College Absalon","Kalundborg","","3,5 years","engineering-technology | natural-science | sustainability-climate | education-learning","An education for the future Do you want to study biotechnology in a study environment with a unique collaboration between University College Absalon and the biotech industry, consisting of world leading companies?…","https://en.phabsalon.dk/full-degree/bachelor-engineering-biotechnology","https://studyindenmark.dk/portal/university-college-absalon/kalundborg/bachelor-of-engineering-in-biotechnology","","","","","2026-08-02"
"university-of-copenhagen-ucph:north-campus:biochemistry","Biochemistry","master","master","University of Copenhagen (UCPH)","North Campus","","2 years","natural-science","Description The MSc programme in Biochemistry allows you to work experimentally and theoretically with biochemical and molecular problems within a focus area of your own choosing.…","https://www.ku.dk/studies/masters/biochemistry","https://studyindenmark.dk/portal/university-of-copenhagen-ucph/north-campus/biochemistry","","","","","2026-08-02"
"aalborg-university-aau:esbjerg:bioengineering-msc-in-engineering","Bioengineering, MSc in Engineering","master","master","Aalborg University (AAU)","Esbjerg","","2 years","engineering-technology | natural-science | sustainability-climate","Description The need for societies in balance in terms of use of resources, production of waste and impact on the environment is more urgent than ever.…","https://www.en.aau.dk/education/master/bioengineering/","https://studyindenmark.dk/portal/aalborg-university-aau/esbjerg/bioengineering-msc-in-engineering","","","","","2026-08-02"
"university-of-copenhagen-ucph:north-campus:bioinformatics","Bioinformatics","master","master","University of Copenhagen (UCPH)","North Campus","","2 years","it-data | natural-science","Description As a student of Bioinformatics you will learn to solve biological problems by means of mathematical and statistical calculation methods by use of a computer.…","https://www.ku.dk/studies/masters/bioinformatics","https://studyindenmark.dk/portal/university-of-copenhagen-ucph/north-campus/bioinformatics","","","","","2026-08-02"
"aarhus-university-au:aarhus:bioinformatics","Bioinformatics","master","master","Aarhus University (AU)","Aarhus","","2 years","it-data | health-life-science | natural-science | society-politics","A fusion of biology, statistics, and computer science, the MSc in Bioinformatics programme explores the development and application of computational solutions for analysing and handling biological and biomedical data.…","https://masters.au.dk/bioinformatics","https://studyindenmark.dk/portal/aarhus-university-au/aarhus/bioinformatics","","","","","2026-08-02"
"university-of-southern-denmark-sdu:odense:biology","Biology","master","master","University of Southern Denmark (SDU)","Odense","","2 years","natural-science | sustainability-climate | communication-media","Description The Department of Biology has strong foundations in research with special focus on Environmental Stress , Sound Communication and Behaviour , Ecology , Evolutionary Biodemography , Arctic Biology and Earth Evolution .…","https://www.sdu.dk/en/uddannelse/kandidat/biologi","https://studyindenmark.dk/portal/university-of-southern-denmark-sdu/odense/biology","","","","","2026-08-02"
"university-of-copenhagen-ucph:north-campus:biology","Biology","master","master","University of Copenhagen (UCPH)","North Campus","","2 years","natural-science | sustainability-climate","Description As an MSc student of Biology you will be part of a rapidly developing field in which modern biology is integrating molecular techniques in the solution of biological problems such as climate change, pollution, diseases and loss…","https://www.ku.dk/studies/masters/biology","https://studyindenmark.dk/portal/university-of-copenhagen-ucph/north-campus/biology","","","","","2026-08-02"
"aarhus-university-au:aarhus:biology","Biology","master","master","Aarhus University (AU)","Aarhus","","2 years","design-architecture-arts | natural-science","The Master’s programme in Biology will strengthen your analytical skills and develop both your critical and creative way of thinking. Enhancing the fundamental biological knowledge gained in your bachelor’s degree, you will experience many…","https://masters.au.dk/biology","https://studyindenmark.dk/portal/aarhus-university-au/aarhus/biology","","","","","2026-08-02"
"university-of-copenhagen-ucph:campus-kalundborg:biosolutions","Biosolutions","master","master","University of Copenhagen (UCPH)","Campus Kalundborg","120","2 years","health-life-science | natural-science | sustainability-climate | society-politics","Description This programme trains you to work with the development of sustainable biological production of foods, biomaterials, biologicals, and environmental technologies.…","https://www.ku.dk/studies/masters/biosolutions","https://studyindenmark.dk/portal/university-of-copenhagen-ucph/campus-kalundborg/biosolutions","","","","","2026-08-02"
"university-of-copenhagen-ucph:north-campus:biology-biotechnology","Biotechnology","master","master","University of Copenhagen (UCPH)","North Campus","","2 years","engineering-technology | health-life-science | natural-science","Description Where biology teaches us to understand nature, biotechnology gives us the chance to use it. As an MSc student of Biotechnology, you will be working with biotechnological problems related to health and diseases in humans, animals…","https://www.ku.dk/studies/masters/biotechnology","https://studyindenmark.dk/portal/university-of-copenhagen-ucph/north-campus/biology-biotechnology","","","","","2026-08-02"
"aarhus-university-au:aarhus:biotechnology-and-chemical-engineering","Biotechnology and Chemical Engineering","master","master","Aarhus University (AU)","Aarhus","","2 years","engineering-technology | natural-science | sustainability-climate | society-politics","Developing and optimising biotechnological and chemical processes plays a key role in modern society. Competitive industries will be environmentally sustainable, efficient in terms of resources and energy, and technologically advanced.…","https://masters.au.dk/biotechchemical","https://studyindenmark.dk/portal/aarhus-university-au/aarhus/biotechnology-and-chemical-engineering","","","","","2026-08-02"
"aalborg-university-aau:aalborg:biotechnology-msc-in-engineering","Biotechnology, MSc in Engineering","master","master","Aalborg University (AAU)","Aalborg","","2 years","engineering-technology | health-life-science | natural-science | society-politics","Description Biotechnology combines biology, chemistry, medicine, and engineering sciences for the discovery, development and production of products ranging from fuels and foods over complex proteins to specialised pharmaceuticals and whole…","https://www.en.aau.dk/education/master/biotechnology","https://studyindenmark.dk/portal/aalborg-university-aau/aalborg/biotechnology-msc-in-engineering","","","","","2026-08-02"
"university-of-southern-denmark-sdu:odense:brand-management-and-marketing-communication","Brand Management and Marketing Communication","master","master","University of Southern Denmark (SDU)","Odense","","2 years","business-management | communication-media","Description This programme focuses on marketing communication processes from the corporate to the brand level using advanced socio-cultural theoretical perspectives on consumer markets.…","https://www.sdu.dk/en/Uddannelse/Kandidat/CandMercBrandMgmtMarkCommOd","https://studyindenmark.dk/portal/university-of-southern-denmark-sdu/odense/brand-management-and-marketing-communication","","","","","2026-08-02"
"via-university-college:campus-herning:branding-and-marketing-management-top-up-2027","Branding and Marketing Management — Design & Business","bachelor","top-up-bachelor","VIA University College","Herning","90 ECTS","1 year 6 months","business-management | communication-media | design-architecture-arts","Anglický Top-up program pro absolventy kompatibilního AP degree. Prohlubuje branding, marketing, komunikaci a práci s fashion a lifestyle značkami.","https://en.via.dk/programmes/bachelor/design-and-business-bachelor-top-up","https://studyindenmark.dk/portal/via-university-college/campus-herning/branding-and-marketing-management-design-business","confirmed-2027","Poslední nástup: srpen 2027","Vyžaduje kompatibilní AP degree nebo srovnatelné předchozí vzdělání. Současná 1,5letá varianta po tomto nástupu končí.","https://en.via.dk/programmes/bachelor/design-and-business-bachelor-top-up/political-reform","2026-08-02"
"via-university-college:campus-herning:branding-and-marketing-management-ap-2027","Branding and Marketing Management — Design, Technology & Business","bachelor","ap-degree","VIA University College","Herning","120 ECTS","2 years","business-management | communication-media | design-architecture-arts","Dvouletý praktický AP program propojující branding, marketing, retail, komunikaci a lifestyle business. Studium probíhá v angličtině v Herningu.","https://en.via.dk/programmes/bachelor/design-technology-and-business-ap-degree","https://studyindenmark.dk/portal/via-university-college/campus-herning/branding-and-marketing-management-design","confirmed-2027","Nástup 2027/28 potvrzen","VIA výslovně uvádí, že tento AP program pokračuje i v létě 2027. Přesné datum a deadline ověř před podáním přihlášky.","https://en.via.dk/programmes/bachelor/design-and-business-bachelor-top-up/political-reform","2026-08-02"
"aalborg-university-aau:aalborg:building-energy-design-msc-in-technology","Building Energy Design, MSc in Technology","master","master","Aalborg University (AAU)","Aalborg","","2 years","engineering-technology | design-architecture-arts | natural-science | sustainability-climate","Description Are you interested in energy optimisation, renewable energy in building design, building operations, and indoor climate? As a Master of Science in Technology in Building Energy Design, you will work with reduction and…","http://www.en.aau.dk/education/master/building-energy-design","https://studyindenmark.dk/portal/aalborg-university-aau/aalborg/building-energy-design-msc-in-technology","","","","","2026-08-02"
"aarhus-university-au:aarhus:business-administration-business-innovation","Business Administration - Business Innovation","master","master","Aarhus University (AU)","Aarhus","","2 years","business-management | society-politics","The MSc in Business Administration - Business Innovation is a unique international double degree programme that is offered jointly by Aarhus BSS and UCLouvain in Belgium.…","https://masters.au.dk/business-administration/business-innovation","https://studyindenmark.dk/portal/aarhus-university-au/aarhus/business-administration-business-innovation","","","","","2026-08-02"
"aarhus-university-au:aarhus:business-administration-business-psychology","Business Administration - Business Psychology","master","master","Aarhus University (AU)","Aarhus","","2 years","business-management","The MSc in Business Administration - Business Psychology addresses the increasing demand for business professionals with a deep understanding of psychology in a business context.…","https://masters.au.dk/business-administration/businesspsychology","https://studyindenmark.dk/portal/aarhus-university-au/aarhus/business-administration-business-psychology","","","","","2026-08-02"
"copenhagen-business-school-cbs:frederiksberg-campus:business-administration-and-bioentrepreneurship","Business Administration and Bioentrepreneurship (MSc)","master","master","Copenhagen Business School (CBS)","Frederiksberg / Copenhagen","","2 years","business-management | engineering-technology","Description MSc in Business Administration and Bioentrepreneurship, BIO, is a full-time two year programme. The programme offers Denmark's first university degree and academic courses bridging business and biotech.…","https://www.cbs.dk/en/study-programmes/master-programmes/msc-business-administration-and-bioentrepreneurship","https://studyindenmark.dk/portal/copenhagen-business-school-cbs/frederiksberg-campus/business-administration-and-bioentrepreneurship","","","","","2026-08-02"
"copenhagen-business-school-cbs:frederiksberg-campus:business-administration-and-data-science","Business Administration and Data Science (MSc)","master","master","Copenhagen Business School (CBS)","Frederiksberg / Copenhagen","","2 years","business-management | it-data | natural-science","Description This programme uniquely combines hard analytical skills with an understanding of the relevant business data context for application.…","https://www.cbs.dk/en/study-programmes/master-programmes/msc-business-administration-and-data-science","https://studyindenmark.dk/portal/copenhagen-business-school-cbs/frederiksberg-campus/business-administration-and-data-science","","","","","2026-08-02"
"copenhagen-business-school-cbs:frederiksberg-campus:business-administration-and-digital-business","Business Administration and Digital Business (MSc)","master","master","Copenhagen Business School (CBS)","Frederiksberg / Copenhagen","","2 years","business-management | it-data","Description On Digital Business, you learn to link practical management and business understanding with a strong understanding of digital tools and current and emerging platforms - for services, information, data retrieval, analysis and…","https://www.cbs.dk/en/study-programmes/master-programmes/msc-business-administration-and-digital-business","https://studyindenmark.dk/portal/copenhagen-business-school-cbs/frederiksberg-campus/business-administration-and-digital-business","","","","","2026-08-02"
"copenhagen-business-school-cbs:frederiksberg-campus:business-administration-and-digital-management-bsc","Business Administration and Digital Management (BSc)","bachelor","bachelor","Copenhagen Business School (CBS)","Frederiksberg / Copenhagen","","3 years","business-management | it-data","Description BSc in Business Administration and Digital Management, DM, gives you an understanding of the possibilities as well as challenges that digitalisation creates for companies.…","https://www.cbs.dk/en/study-programmes/bachelor-programmes/bsc-business-administration-and-digital-management","https://studyindenmark.dk/portal/copenhagen-business-school-cbs/frederiksberg-campus/business-administration-and-digital-management-bsc","","","","","2026-08-02"
"copenhagen-business-school-cbs:frederiksberg-campus:business-administration-and-information-systems","Business Administration and Information Systems (MSc)","master","master","Copenhagen Business School (CBS)","Frederiksberg / Copenhagen","","2 years","business-management | it-data | engineering-technology","Description You learn how to use information and information technology to add value to companies and organisations. You gain an understanding of how IT affects the organisational structure and financial results of a company – and how the…","https://www.cbs.dk/en/study-programmes/master-programmes/msc-business-administration-and-information-systems","https://studyindenmark.dk/portal/copenhagen-business-school-cbs/frederiksberg-campus/business-administration-and-information-systems","","","","","2026-08-02"
"copenhagen-business-school-cbs:frederiksberg-campus:business-administration-and-innovation-in-health","Business Administration and Innovation in Health Care","master","master","Copenhagen Business School (CBS)","Frederiksberg / Copenhagen","","2 years","business-management | design-architecture-arts | health-life-science","Description Through a thorough understanding of the challenges that health care systems are facing around the world, you will learn to analyse health care innovations as business cases and develop actionable skills for their design and…","https://www.cbs.dk/en/study/graduate/msc-in-business-administration-and-innovation-in-health-care","https://studyindenmark.dk/portal/copenhagen-business-school-cbs/frederiksberg-campus/business-administration-and-innovation-in-health","","","","","2026-08-02"
"roskilde-university-ruc:roskilde:business-administration-and-leadership","Business Administration and Leadership","master","master","Roskilde University (RUC)","Roskilde","","2 years","business-management | law","The programme is open for admission for students with a legal right of admission only The master's programme in Business Administration and Leadership produces business administration graduates who have insight into various perspectives on…","https://ruc.dk/en/master/business-administration-and-leadership","https://studyindenmark.dk/portal/roskilde-university-ruc/roskilde/business-administration-and-leadership","","","","","2026-08-02"
"copenhagen-business-school-cbs:frederiksberg-campus:business-administration-and-service-management-bsc","Business Administration and Service Management (BSc)","bachelor","bachelor","Copenhagen Business School (CBS)","Frederiksberg / Copenhagen","","","business-management | society-politics","Description BSc SEM combines business economics and service sector studies and gives you an in-depth understanding of how to market, sell and organise a service in national as well as international markets.…","https://www.cbs.dk/en/study-programmes/bachelor-programmes/bsc-business-administration-and-service-management","https://studyindenmark.dk/portal/copenhagen-business-school-cbs/frederiksberg-campus/business-administration-and-service-management-bsc","","","","","2026-08-02"
"copenhagen-business-school-cbs:frederiksberg-campus:business-administration-and-sociology-bsc","Business Administration and Sociology (BSc)","bachelor","bachelor","Copenhagen Business School (CBS)","Frederiksberg / Copenhagen","","3 years","business-management | society-politics","Description In BSc in Business Administration and Sociology, SOC, you learn how to make responsible business decisions by combining the economic and social perspectives on companies, their organisation and their surroundings.…","https://www.cbs.dk/en/study-programmes/bachelor-programmes/bsc-business-administration-and-sociology","https://studyindenmark.dk/portal/copenhagen-business-school-cbs/frederiksberg-campus/business-administration-and-sociology-bsc","","","","","2026-08-02"
"copenhagen-business-school-cbs:frederiksberg-campus:business-and-development-studies-msc","Business and Development Studies (MSc)","master","master","Copenhagen Business School (CBS)","Frederiksberg / Copenhagen","","2 years","business-management | society-politics","Description You will learn to analyse the interaction between international business and economic development with a strong focus on developing countries and emerging markets.…","https://www.cbs.dk/en/study-programmes/master-programmes/msc-business-language-and-culture-business-and-development","https://studyindenmark.dk/portal/copenhagen-business-school-cbs/frederiksberg-campus/business-and-development-studies-msc","","","","","2026-08-02"
"university-of-southern-denmark-sdu:odense:business-language-and-culture-negot","Business, Language and Culture (negot)","master","master","University of Southern Denmark (SDU)","Odense","","2 years","business-management | society-politics | humanities-culture","Description This programme enables you to negotiate in a global context by providing you with business know-how, cultural expertise and practical communicative skills.…","http://www.sdu.dk/en/uddannelse/kandidat/negot","https://studyindenmark.dk/portal/university-of-southern-denmark-sdu/odense/business-language-and-culture-negot","","","","","2026-08-02"
"university-of-southern-denmark-sdu:sonderborg:business-language-and-culture-sonderborg-flensburg","Business, Language and Culture (Sønderborg/Flensburg)","master","master","University of Southern Denmark (SDU)","Sønderborg","","2 years","business-management | society-politics | humanities-culture","Description Extend your knowledge in the areas of business economics and business language. Faced with growing political, economic, cultural and social globalisation, business employees will have to be able to work across national and…","https://www.sdu.dk/en/uddannelse/kandidat/cand_merc_int","https://studyindenmark.dk/portal/university-of-southern-denmark-sdu/sonderborg/business-language-and-culture-sonderborg-flensburg","","","","","2026-08-02"
"via-university-college:campus-viborg:character-animation","Character Animation","bachelor","bachelor","VIA University College","Campus Viborg","210","3,5 years","other","Learn how to make the audience believe that the character is alive with feelings and personality. As an animator, you create the magic of the character and invoke the empathy of the audience.","https://animationworkshop.via.dk/programmes-and-courses/bachelor-programmes/character-animation","https://studyindenmark.dk/portal/via-university-college/campus-viborg/character-animation","","","","","2026-08-02"
"roskilde-university-ruc:roskilde:chemical-biology","Chemical Biology","master","master","Roskilde University (RUC)","Roskilde","","2 years","natural-science | law","The programme is open for admission for students with a legal right of admission only The purpose of the programme is to give graduates a strong chemistry foundation and in-depth knowledge and understanding of the biological systems which…","https://ruc.dk/en/master/chemical-biology","https://studyindenmark.dk/portal/roskilde-university-ruc/roskilde/chemical-biology","","","","","2026-08-02"
"university-of-southern-denmark-sdu:odense:chemical-engineering-and-biotechnology-msc","Chemical Engineering and Biotechnology (MSc)","master","master","University of Southern Denmark (SDU)","Odense","","2 years","engineering-technology | sustainability-climate | society-politics","Become a key player in the development of a sustainable society This study programme is relevant for you if you already have a bachelor degree in Chemical Engineering and Biotechnology and you want to enhance your skills.…","https://direc.to/iJPb","https://studyindenmark.dk/portal/university-of-southern-denmark-sdu/odense/chemical-engineering-and-biotechnology-msc","","","","","2026-08-02"
"aalborg-university-aau:esbjerg:chemical-engineering-and-biotechnology-bsc-in","Chemical Engineering and Biotechnology, BSc in Engineering","bachelor","bachelor","Aalborg University (AAU)","Esbjerg","","3 years","it-data | engineering-technology","Description Would you like to find new materials for medical uses or manufacture cheaper solar cells for electricity production? And are you interested in developing catalysts to reduce air pollution or secure clean drinking water?…","https://www.en.aau.dk/education/bachelor/chemicalengineering-biotechnology","https://studyindenmark.dk/portal/aalborg-university-aau/esbjerg/chemical-engineering-and-biotechnology-bsc-in","","","","","2026-08-02"
"aalborg-university-aau:esbjerg:chemical-engineering-msc-in-engineering","Chemical Engineering, MSc in Engineering","master","master","Aalborg University (AAU)","Esbjerg","","2 years","engineering-technology | design-architecture-arts | society-politics","Want to meet us? Join our Online Open Day for international students! February 6, 2025 - read more and register here. Description Do you wish to combine your creative and technical skills?…","https://www.en.aau.dk/education/master/chemical-engineering","https://studyindenmark.dk/portal/aalborg-university-aau/esbjerg/chemical-engineering-msc-in-engineering","","","","","2026-08-02"
"university-of-southern-denmark-sdu:odense:chemistry","Chemistry","master","master","University of Southern Denmark (SDU)","Odense","","2 years","natural-science","Description Chemistry is a fundamental part of our everyday lives. It is all around us in the reactions, properties and combinations of matter in our own bodies and in the world.…","https://www.sdu.dk/en/uddannelse/kandidat/kemi","https://studyindenmark.dk/portal/university-of-southern-denmark-sdu/odense/chemistry","","","","","2026-08-02"
"university-of-copenhagen-ucph:north-campus:chemistry","Chemistry","master","master","University of Copenhagen (UCPH)","North Campus","","2 years","natural-science","Description The two-year MSc programme in Chemistry combines formal coursework with independent research guided by an experienced researcher.…","http://studies.ku.dk/masters/chemistry/","https://studyindenmark.dk/portal/university-of-copenhagen-ucph/north-campus/chemistry","","","","","2026-08-02"
"aarhus-university-au:aarhus:chemistry","Chemistry","master","master","Aarhus University (AU)","Aarhus","","2 years","natural-science","The MSc programme in Chemistry lets students specialise in their chosen area of interest while building strong foundational knowledge in the field.…","https://masters.au.dk/chemistry","https://studyindenmark.dk/portal/aarhus-university-au/aarhus/chemistry","","","","","2026-08-02"
"aalborg-university-aau:aalborg:chemistry-msc-in-engineering","Chemistry, MSc in Engineering","master","master","Aalborg University (AAU)","Aalborg","","2 years","engineering-technology | natural-science","Description The Master programme in Chemistry allows you to expand your knowledge of the central disciplines, methods, theories and concepts of chemistry and to further develop your skills in analysing and creating chemical compounds.…","https://www.en.aau.dk/education/master/chemistry","https://studyindenmark.dk/portal/aalborg-university-aau/aalborg/chemistry-msc-in-engineering","","","","","2026-08-02"
"aarhus-university-au:aarhus:children-s-literature-media-cultural","Children's Literature, Media & Cultural Entrepreneurship (Erasmus Mundus)","master","master","Aarhus University (AU)","Aarhus","","2 years","business-management | it-data | society-politics | humanities-culture | communication-media | education-learning","The international Master’s degree programme in Children’s Literature, Media & Cultural Entrepreneurship (CLMC) is aimed at students who wish to pursue a career in the areas of children’s literature, media, and education across a broad range…","https://masters.au.dk/masters-degree-programme-childrens-literature-media-and-cultural-entrepreneurship","https://studyindenmark.dk/portal/aarhus-university-au/aarhus/children-s-literature-media-cultural","","","","","2026-08-02"
"the-royal-danish-academy-of-music:study-programmes-within-music-and-music-pedagogy:church-music-organ-bachelor","Church Music/ Organ - Bachelor","bachelor","bachelor","Royal Danish Academy of Music","Study Programmes Within Music And Music Pedagogy","","3 years","design-architecture-arts","Description As a student of the organ, you will receive tuition in the principal studies of solo and liturgical organ playing. You will learn all the various aspects of playing the instrument, and acquire improvisational, artistic and…","http://english.dkdm.dk/Studies/Admission","https://studyindenmark.dk/portal/the-royal-danish-academy-of-music/study-programmes-within-music-and-music-pedagogy/church-music-organ-bachelor","","","","","2026-08-02"
"the-royal-danish-academy-of-music:study-programmes-within-music-and-music-pedagogy:church-music-organ-master","Church Music/ Organ - Master","master","master","Royal Danish Academy of Music","Study Programmes Within Music And Music Pedagogy","","2 years","design-architecture-arts","Description As a student of the organ, you will receive tuition in the principal studies of solo and liturgical organ playing. You will learn all the various aspects of playing the instrument, and acquire improvisational, artistic and…","http://english.dkdm.dk/Studies/Studying-at-the-Academy/Departments/Church-music","https://studyindenmark.dk/portal/the-royal-danish-academy-of-music/study-programmes-within-music-and-music-pedagogy/church-music-organ-master","","","","","2026-08-02"
"aalborg-university-aau:aalborg:cities-and-sustainability-specialisation-of-urban","Cities and Sustainability, Specialisation of Urban, Energy and Environmental Planning","master","master","Aalborg University (AAU)","Aalborg","","2 years","engineering-technology | natural-science | sustainability-climate | society-politics","Description Sustainable development is embraced as development that meets the present generation's needs without compromising future generations' abilities to meet their own needs. These needs are predominantly to be met in cities.…","https://www.en.aau.dk/education/master/urban-energy-and-environmental-planning/cities-and-sustainability","https://studyindenmark.dk/portal/aalborg-university-aau/aalborg/cities-and-sustainability-specialisation-of-urban","","","","","2026-08-02"
"aarhus-university-au:aarhus:civil-and-architectural-engineering","Civil and Architectural Engineering","master","master","Aarhus University (AU)","Aarhus","","2 years","engineering-technology","The MSc programme in Civil and Architectural Engineering provides you with insight into advanced theoretical and practical aspects of topics in civil and architectural engineering, as well as the opportunity to specialise in a related…","https://masters.au.dk/architecturalengineering","https://studyindenmark.dk/portal/aarhus-university-au/aarhus/civil-and-architectural-engineering","","","","","2026-08-02"
"the-royal-academy-of-music-aarhus-aalborg:aarhus-departement:classical-music","Classical Music","master","master","Royal Academy of Music Aarhus/Aalborg","Aarhus Departement","","2 years","design-architecture-arts | natural-science | sustainability-climate","The Classical Music programmes give opportunity to hone the student’s skills in an inspiring environment with strong professional networks; internally on individual subjects as well as across all classical disciplines.…","https://musikkons.dk/en/programmes/classical/","https://studyindenmark.dk/portal/the-royal-academy-of-music-aarhus-aalborg/aarhus-departement/classical-music","","","","","2026-08-02"
"danish-national-academy-of-music:esbjerg:classical-musician-performer-educator-and","Classical Musician - Performer, educator and entrepreneur","master","master","Danish National Academy of Music","Esbjerg","","2 years","business-management | it-data | design-architecture-arts | education-learning","The master’s programme aims to give you specialised knowledge, skills and competences to work as a musician at the highest level. In addition to its focus on main instrument teaching and chamber music, the master’s programme also focusses…","https://www.sdmk.dk/en/studies/study-programmes/classical-musician/singer-performer-educator-and-entrepreneur","https://studyindenmark.dk/portal/danish-national-academy-of-music/esbjerg/classical-musician-performer-educator-and","","","","","2026-08-02"
"via-university-college:campus-horsens:climate-and-supply-engineering","Climate and Supply Engineering","bachelor","bachelor","VIA University College","Campus Horsens","210","3,5 years","business-management | engineering-technology | natural-science | sustainability-climate","In a world marked by climate change and environmental challenges the need for green transition is greater than ever. Climate and Supply Engineers play a crucial role in shaping a sustainable future, in which management of rainwater, climate…","https://en.via.dk/programmes/bachelor/climate-supply-engineering","https://studyindenmark.dk/portal/via-university-college/campus-horsens/climate-and-supply-engineering","","","","","2026-08-02"
"university-of-copenhagen-ucph:north-campus:climate-change","Climate Change","master","master","University of Copenhagen (UCPH)","North Campus","","2 years","natural-science | sustainability-climate | society-politics","Description Climate Change, Impacts, Mitigation and Adaptation (CCIMA) is a 2-year interdisciplinary MSc programme, combining natural and social science approaches to the study of climate change, its causes and effects, how we can deal with…","https://www.ku.dk/studies/masters/climate-change","https://studyindenmark.dk/portal/university-of-copenhagen-ucph/north-campus/climate-change","","","","","2026-08-02"
"university-of-copenhagen-ucph:south-campus:cognition-and-communication","Cognition and Communication","master","master","University of Copenhagen (UCPH)","South Campus","","2 years","communication-media","Description The Master's programme in Cognition & Communication combines an interdisciplinary and theoretical focus with a practical principle of relevancy in the context of media and people.…","https://www.ku.dk/studies/masters/cognition-and-communication","https://studyindenmark.dk/portal/university-of-copenhagen-ucph/south-campus/cognition-and-communication","","","","","2026-08-02"
"aarhus-university-au:aarhus:cognitive-science","Cognitive Science","master","master","Aarhus University (AU)","Aarhus","","2 years","natural-science","Cognitive Science is the study of the human mind, brain, and behaviour. Cognitive scientists use advanced statistical modelling and sensitive experimental methods to reveal the nature of cognitive processes.…","https://masters.au.dk/cognitivescience","https://studyindenmark.dk/portal/aarhus-university-au/aarhus/cognitive-science","","","","","2026-08-02"
"university-of-southern-denmark-sdu:odense:comparative-public-policy-and-welfare-studies","Comparative Public Policy and Welfare Studies","master","master","University of Southern Denmark (SDU)","Odense","","2 years","health-life-science | society-politics","Description Why are some societies more unequal than others? How can we explain high levels of unemployment and soaring budget deficits? Why do health care and other public services differ in their quality across developed societies?…","https://www.sdu.dk/en/uddannelse/kandidat/comparativepublicpolicywelfarestudies","https://studyindenmark.dk/portal/university-of-southern-denmark-sdu/odense/comparative-public-policy-and-welfare-studies","","","","","2026-08-02"
"the-royal-danish-academy-of-music:study-programmes-within-music-and-music-pedagogy:composition-bachelor","Composition - Bachelor","bachelor","bachelor","Royal Danish Academy of Music","Study Programmes Within Music And Music Pedagogy","","3","education-learning","About the programme In the composition program at RDAM, you will work on your own works and, in addition to the teaching in your main subject, you will learn about theory, electroacoustics and instrumentation.…","https://www.dkdm.dk/en/education/composition","https://studyindenmark.dk/portal/the-royal-danish-academy-of-music/study-programmes-within-music-and-music-pedagogy/composition-bachelor","","","","","2026-08-02"
"the-royal-danish-academy-of-music:study-programmes-within-music-and-music-pedagogy:composition-master","Composition - Master","master","master","Royal Danish Academy of Music","Study Programmes Within Music And Music Pedagogy","","2 years","education-learning","About the programme In the composition program at RDAM, you will work on your own works and, in addition to the teaching in your main subject, you will learn about theory, electroacoustics and instrumentation.…","https://www.dkdm.dk/en/education/composition","https://studyindenmark.dk/portal/the-royal-danish-academy-of-music/study-programmes-within-music-and-music-pedagogy/composition-master","","","","","2026-08-02"
"royal-danish-academy-architecture-design-and:copenhagen:computation-in-architecture","Computation in Architecture","master","master","Royal Danish Academy — Architecture, Design, Conservation","Copenhagen","","2 years","it-data | design-architecture-arts | humanities-culture","Description With focus on digital design and material fabrication, this programme questions how computation is changing our spatial, representational and material cultures.Through hands-on experimentation and production, the programme…","https://royaldanishacademy.com/master-computation-in-architecture","https://studyindenmark.dk/portal/royal-danish-academy-architecture-design-and/copenhagen/computation-in-architecture","","","","","2026-08-02"
"university-of-southern-denmark-sdu:odense:computational-biomedicine","Computational Biomedicine","master","master","University of Southern Denmark (SDU)","Odense","","2 years","health-life-science | natural-science","Description Graduates of computational biomedicine are able to understand and reflect on knowledge regarding the integration and application of computational methods in the life sciences, including molecular biology, structural biology,…","https://www.sdu.dk/en/uddannelse/kandidat/computationalbiomedicine","https://studyindenmark.dk/portal/university-of-southern-denmark-sdu/odense/computational-biomedicine","","","","","2026-08-02"
"aalborg-university-aau:copenhagen:computer-engineering","Computer Engineering","master","master","Aalborg University (AAU)","Copenhagen","","","it-data | engineering-technology | education-learning","Description The Computer Engineering programme is for those who want deep insight into theory, methods and tools in computer technology particularly focusing on computer systems, cloud-based technologies, advanced machine learning and…","https://www.en.aau.dk/education/master/computer-engineering-cph","https://studyindenmark.dk/portal/aalborg-university-aau/copenhagen/computer-engineering","","","","","2026-08-02"
"aarhus-university-au:aarhus:computer-engineering","Computer Engineering","master","master","Aarhus University (AU)","Aarhus","","2 years","it-data | engineering-technology | design-architecture-arts | society-politics | communication-media","Students in Computer Engineering MSc programme can specialise in relevant fields of study connected with: system and instrument development involving software, hardware, artificial intelligence, and communication technology.…","https://masters.au.dk/computer-engineering-msc-in-engineering","https://studyindenmark.dk/portal/aarhus-university-au/aarhus/computer-engineering","","","","","2026-08-02"
"aalborg-university-aau:aalborg:computer-engineering-msc-in-engineering","Computer Engineering, MSc in Engineering","master","master","Aalborg University (AAU)","Aalborg","","2 years","it-data | engineering-technology | natural-science","Description The Master of Science in engineering programme Computer Engineering at Aalborg University is a two-year, research-based full-time study programme of 120 ECTS. Computer Engineering is an engineering programme targeted at B.Sc.…","https://www.en.aau.dk/education/master/computer-engineering","https://studyindenmark.dk/portal/aalborg-university-aau/aalborg/computer-engineering-msc-in-engineering","","","","","2026-08-02"
"via-university-college:campus-viborg:computer-graphic-arts","Computer Graphic Arts","bachelor","bachelor","VIA University College","Campus Viborg","210","3,5 years","it-data | design-architecture-arts | natural-science | sustainability-climate","This is your chance to explore the expansive world of digital art! Do you want to make charming or terrifying characters with cool designs, captivating digital environments or intricate props for films and games?","https://animationworkshop.via.dk/programmes-and-courses/bachelor-programmes/computer-graphic-arts","https://studyindenmark.dk/portal/via-university-college/campus-viborg/computer-graphic-arts","","","","","2026-08-02"
"university-of-southern-denmark-sdu:vejle:computer-science","Computer Science","bachelor","bachelor","University of Southern Denmark (SDU)","Vejle","","3 years","it-data | natural-science","Computer Science – A Strong Foundation for the Digital Future Studying Computer Science at SDU Vejle provides a comprehensive introduction to all major areas of the discipline, equipping you with a strong generalist foundation while…","https://www.sdu.dk/en/uddannelse/bachelor/computer-science-vejle","https://studyindenmark.dk/portal/university-of-southern-denmark-sdu/vejle/computer-science","","","","","2026-08-02"
"university-of-southern-denmark-sdu:odense:computer-science","Computer Science","master","master","University of Southern Denmark (SDU)","Odense","","2 years","it-data | engineering-technology | natural-science | society-politics","Description Do you want to be part of the rapid development in the world of IT, be it in computer game programming, bioinformatics, databases, algorithms, operative systems, super computers or web technology?…","https://www.sdu.dk/en/Uddannelse/Kandidat/Datalogi","https://studyindenmark.dk/portal/university-of-southern-denmark-sdu/odense/computer-science","","","","","2026-08-02"
"roskilde-university-ruc:roskilde:computer-science","Computer Science","master","master","Roskilde University (RUC)","Roskilde","","2 years","it-data | natural-science | society-politics","The purpose of the programme in Computer Science is to produce graduates who can contribute to the development of complex IT systems that are reliable, user-friendly and long-lasting.As a graduate you will acquire skills in the use of…","https://ruc.dk/en/master/computer-science","https://studyindenmark.dk/portal/roskilde-university-ruc/roskilde/computer-science","","","","","2026-08-02"
"it-university-of-copenhagen-itu:kobenhavn:computer-science","Computer Science","master","master","IT University of Copenhagen (ITU)","Kobenhavn","","2 years","it-data | natural-science | society-politics","Description The 2-year MSc in Computer Science is a programme for you who have an IT-related undergraduate degree and wish to develop your skills and knowledge in computer science on a high, academic level based on international research.…","https://en.itu.dk/programmes/msc-programmes/computer-science","https://studyindenmark.dk/portal/it-university-of-copenhagen-itu/kobenhavn/computer-science","","","","","2026-08-02"
"university-of-copenhagen-ucph:north-campus:computer-science","Computer Science","master","master","University of Copenhagen (UCPH)","North Campus","","2 years","it-data | natural-science","Description The MSc programme in Computer Science offers a solid foundation in both theoretical and practical computer science, and thereby gives you the chance to explore the academic and commercial perspectives of the field at the very…","https://www.ku.dk/studies/masters/computer-science","https://studyindenmark.dk/portal/university-of-copenhagen-ucph/north-campus/computer-science","","","","","2026-08-02"
"aarhus-university-au:aarhus:computer-science","Computer Science","master","master","Aarhus University (AU)","Aarhus","","2 years","it-data | natural-science | society-politics","HIGH-LEVEL RESEARCH Whether your interest is in complex algorithms, IT security, logic and semantics, pervasive computing, or something completely different within the field of computer science, this programme gives you the opportunity to…","https://masters.au.dk/computerscience","https://studyindenmark.dk/portal/aarhus-university-au/aarhus/computer-science","","","","","2026-08-02"
"aalborg-university-aau:aalborg:computer-science-it-msc","Computer Science (IT), MSc","master","master","Aalborg University (AAU)","Aalborg","","2 years","it-data | engineering-technology | natural-science","Description If you have an interest in machine intelligence, programming and software engineering, Aalborg University offers you the opportunity to add computer science to your professional profile.…","https://www.en.aau.dk/education/master/computer-science-it","https://studyindenmark.dk/portal/aalborg-university-aau/aalborg/computer-science-it-msc","","","","","2026-08-02"
"the-royal-danish-academy-of-music:study-programmes-within-music-and-music-pedagogy:consort-recorder-harpsichord-viola-da-gamba","Consort: Recorder/Harpsichord/Viola da Gamba - Bachelor","bachelor","bachelor","Royal Danish Academy of Music","Study Programmes Within Music And Music Pedagogy","","3","design-architecture-arts","Description In the course of two years of studies in early music, you will acquire special skills in handling instruments from the Baroque and Classical periods.…","https://english.dkdm.dk/Studies/Admission","https://studyindenmark.dk/portal/the-royal-danish-academy-of-music/study-programmes-within-music-and-music-pedagogy/consort-recorder-harpsichord-viola-da-gamba","","","","","2026-08-02"
"the-royal-danish-academy-of-music:study-programmes-within-music-and-music-pedagogy:consort-recorder-harpsichord-viola-da-gamba-master","Consort: Recorder/Harpsichord/Viola da Gamba - Master","master","master","Royal Danish Academy of Music","Study Programmes Within Music And Music Pedagogy","","2 years","design-architecture-arts","Description In the course of two years of studies in early music, you will acquire special skills in handling instruments from the Baroque and Classical periods.…","https://www.dkdm.dk/en/education/consort-and-recorder","https://studyindenmark.dk/portal/the-royal-danish-academy-of-music/study-programmes-within-music-and-music-pedagogy/consort-recorder-harpsichord-viola-da-gamba-master","","","","","2026-08-02"
"via-university-college:campus-horsens:construction-technology-ap-2027","Construction Technology","bachelor","ap-degree","VIA University College","Horsens","120 ECTS","2 years","engineering-technology | design-architecture-arts | sustainability-climate","Dvouletý anglický AP program o plánování stavebních projektů, digitálních nástrojích, technické administrativě a udržitelném stavění.","https://en.via.dk/programmes/bachelor/construction-technology-ap-degree","https://studyindenmark.dk/portal/via-university-college/campus-horsens/construction-technology","annual-intake","Každoroční srpnový nástup","VIA uvádí srpnový nástup a otevření přihlášek každý rok. Přesné datum pro 2027/28 škola zveřejní později.","https://en.via.dk/programmes/bachelor/construction-technology-ap-degree","2026-08-02"
"danish-national-academy-of-music:esbjerg:contemporary-rhythmic-musician","Contemporary Rhythmic Musician","master","master","Danish National Academy of Music","Esbjerg","","2 years","it-data | design-architecture-arts","A rhythmic programme with no genre specific boundaries! The master’s programme aims to give you specialised knowledge, skills and competences to work as a musician at the highest level.…","https://www.sdmk.dk/en/studies/study-programmes/contemporary-rhythmic-musician","https://studyindenmark.dk/portal/danish-national-academy-of-music/esbjerg/contemporary-rhythmic-musician","","","","","2026-08-02"
"royal-danish-academy-architecture-design-and:bornholm:crafts-in-glass-and-ceramics","Crafts in Glass and Ceramics","bachelor","bachelor","Royal Danish Academy — Architecture, Design, Conservation","Bornholm","195","3,3 years","design-architecture-arts","Description Professional Bachelor Crafts in Glass and Ceramics is rooted in the Danish design tradition, in which material-based ways of thinking and experimenting is an important part of the artistic basis for the design of artifacts in…","https://royaldanishacademy.com/programme/craft-glass-and-ceramics","https://studyindenmark.dk/portal/royal-danish-academy-architecture-design-and/bornholm/crafts-in-glass-and-ceramics","","","","","2026-08-02"
"business-academy-copenhagen:ek-guldbergsgade:creative-branding-design-and-business","Creative Branding (Design and Business)","bachelor","bachelor","Business Academy Copenhagen","Ek Guldbergsgade","30","One semester","business-management | design-architecture-arts","Step into the world of creative branding, where we equip you with the skills and knowledge necessary to thrive in the real world. Whether you aspire to pursue a career in advertising, design agencies, or within a marketing department, our…","https://www.ek.dk/english/exchange/creative-branding-design-and-business","https://studyindenmark.dk/portal/business-academy-copenhagen/ek-guldbergsgade/creative-branding-design-and-business","","","","","2026-08-02"
"aalborg-university-aau:aalborg:culture-communication-and-globalization-ma","Culture, Communication and Globalization, MA","master","master","Aalborg University (AAU)","Aalborg","","2 years","society-politics | humanities-culture | communication-media | education-learning","An international two-years Master’s programme in English which provides you with high-quality education with a strong international profile in the subjects central to the demands of today’s world, but also trains you in solving the problems…","https://www.en.aau.dk/education/master/culture-communication-and-globalization","https://studyindenmark.dk/portal/aalborg-university-aau/aalborg/culture-communication-and-globalization-ma","","","","","2026-08-02"
"aalborg-university-aau:copenhagen:cyber-security-msc-in-engineering","Cyber Security, MSc in Engineering","master","master","Aalborg University (AAU)","Copenhagen","","2 years","it-data | engineering-technology | natural-science | sustainability-climate | society-politics | education-learning","Description Cyber Security is a cross-curricular master’s programme which draws on a number of research environments gathered in the cyber security research programme.The Cyber Security educational programme equips you with the skills to…","https://www.en.aau.dk/education/master/cyber-security/","https://studyindenmark.dk/portal/aalborg-university-aau/copenhagen/cyber-security-msc-in-engineering","","","","","2026-08-02"
"university-of-southern-denmark-sdu:kolding:data-driven-business-development","Data Driven Business Development","master","master","University of Southern Denmark (SDU)","Kolding","","2 years","business-management | it-data | society-politics","Description In companies, data is becoming increasingly essential. In this program, you will gain strong analytical skills to work with data from various sources along with a solid understanding of business and an innovative mindset.…","https://www.sdu.dk/en/uddannelse/kandidat/candmerc-data-driven-business-development","https://studyindenmark.dk/portal/university-of-southern-denmark-sdu/kolding/data-driven-business-development","","","","","2026-08-02"
"it-university-of-copenhagen-itu:kobenhavn:data-science","Data Science","master","master","IT University of Copenhagen (ITU)","Kobenhavn","","2 years","it-data | natural-science","Description With an MSc in Data Science from the IT University of Copenhagen you will become a lead data scientist with advanced analytical and technical skills covering all aspects of handling, analyzing, presenting and operationalizing…","https://en.itu.dk/Programmes/MSc-Programmes/Data-Science","https://studyindenmark.dk/portal/it-university-of-copenhagen-itu/kobenhavn/data-science","","","","","2026-08-02"
"aarhus-university-au:aarhus:data-science","Data Science","bachelor","bachelor","Aarhus University (AU)","Aarhus","","3 years","it-data | natural-science | education-learning","CORE COMPETENCIES Through the Bachelor’s degree programme in Data Science, you will develop a strong foundation in mathematics, statistics, programming and machine learning.…","https://bachelor.au.dk/en/datascience","https://studyindenmark.dk/portal/aarhus-university-au/aarhus/data-science","","","","","2026-08-02"
"university-of-southern-denmark-sdu:kolding:data-science-msc","Data Science (MSc)","master","master","University of Southern Denmark (SDU)","Kolding","","2 years","business-management | it-data | natural-science","Master’s in Data Science: Shape the Future of Data Data is the world’s fastest-growing resource, doubling every two years, and by 2025, businesses will create 60% of it.…","https://www.sdu.dk/en/uddannelse/kandidat/data-science-kolding","https://studyindenmark.dk/portal/university-of-southern-denmark-sdu/kolding/data-science-msc","","","","","2026-08-02"
"kolding-school-of-design:campus-kolding:design-for-people","Design for People","master","master","Design School Kolding","Campus Kolding","","2 years","it-data | design-architecture-arts | society-politics","Description Design for People is aimed at students who are professionally bold, possess a social and societal awareness, wish to adopt an exploratory, critical and open-minded approach and want to focus their design practices on social…","https://www.designskolenkolding.dk/en/design-people","https://studyindenmark.dk/portal/kolding-school-of-design/campus-kolding/design-for-people","","","","","2026-08-02"
"kolding-school-of-design:campus-kolding:design-for-planet","Design for Planet","master","master","Design School Kolding","Campus Kolding","","2 years","design-architecture-arts | sustainability-climate","Description Design for Planet is for those who are professionally bold and curious and who want to direct their practice towards sustainable agendas. The Programme enables you to adopt sustainability as a fundamental mindset.…","https://www.designskolenkolding.dk/en/design-planet","https://studyindenmark.dk/portal/kolding-school-of-design/campus-kolding/design-for-planet","","","","","2026-08-02"
"kolding-school-of-design:campus-kolding:design-for-play","Design for Play","master","master","Design School Kolding","Campus Kolding","","2 years","design-architecture-arts","Description Design for Play is for students who like to explore new paths and challenge themselves and others through playful experiences.…","https://www.designskolenkolding.dk/en/design-for-play","https://studyindenmark.dk/portal/kolding-school-of-design/campus-kolding/design-for-play","","","","","2026-08-02"
"aalborg-university-aau:aalborg:design-of-mechanical-systems-specialisation-of","Design of Mechanical Systems, Specialisation of Mechanical Engineering","master","master","Aalborg University (AAU)","Aalborg","","2 years","engineering-technology | design-architecture-arts","Description Do you enjoy working with mechanics, and do you dream about working with mechanical systems of all shapes and sizes in relation to industrial production?…","https://www.en.aau.dk/education/master/mechanical-engineering/design-of-mechanical-systems","https://studyindenmark.dk/portal/aalborg-university-aau/aalborg/design-of-mechanical-systems-specialisation-of","","","","","2026-08-02"
"business-academy-aarhus:aarhus:digital-concept-development-top-up-2027","Digital Concept Development","bachelor","top-up-bachelor","Business Academy Aarhus","Aarhus","90 ECTS","1 year 6 months","design-architecture-arts | it-data | communication-media | business-management","Anglický Top-up program pro absolventy kompatibilního AP degree. Zaměřuje se na UX, digitální koncepty, design, technologie a digitální business.","https://www.baaa.dk/programmes/digital-concept-development/","https://www.baaa.dk/programmes/digital-concept-development/","confirmed-2027","Poslední nástup: srpen 2027","Škola potvrzuje poslední start v srpnu 2027. Je nutný kompatibilní AP degree nebo srovnatelné předchozí vzdělání.","https://www.baaa.dk/programmes/digital-concept-development/","2026-08-02"
"university-of-southern-denmark-sdu:odense:economics","Economics","master","master","University of Southern Denmark (SDU)","Odense","","2 years","business-management","Description The MSc in Economics is a two-year degree programme of 120 ECTS. This programme is intended to equip you with the main tools of the professional economist, whether you intend to work in government, finance and banking,…","https://www.sdu.dk/en/uddannelse/kandidat/candmerc-accounting-finance","https://studyindenmark.dk/portal/university-of-southern-denmark-sdu/odense/economics","","","","","2026-08-02"
"university-of-copenhagen-ucph:city-campus:economics","Economics","master","master","University of Copenhagen (UCPH)","City Campus","","2 years","business-management","Description The stereotype economist is a business person in a black suit, but an MSC in Economics offers you a wide variety of other possibilities as well.…","https://www.ku.dk/studies/masters/economics","https://studyindenmark.dk/portal/university-of-copenhagen-ucph/city-campus/economics","","","","","2026-08-02"
"aarhus-university-au:aarhus:economics","Economics","master","master","Aarhus University (AU)","Aarhus","","2 years","business-management | natural-science | sustainability-climate | society-politics","AN INTERNATIONALLY RENOWNED RESEARCH ENVIRONMENT The two-year MSc programme in Economics gives students an in-depth knowledge of a range of economics and management disciplines.…","https://masters.au.dk/economicsandmanagement","https://studyindenmark.dk/portal/aarhus-university-au/aarhus/economics","","","","","2026-08-02"
"university-of-southern-denmark-sdu:odense:economics-and-business-administration","Economics and Business Administration","master","master","University of Southern Denmark (SDU)","Odense","","2 years","business-management","Career Opportunities Whether you want a career as self-employed or as a manager in public or private companies this degree will boost your future career.…","https://www.sdu.dk/en/candmerc","https://studyindenmark.dk/portal/university-of-southern-denmark-sdu/odense/economics-and-business-administration","","","","","2026-08-02"
"aalborg-university-aau:aalborg:economics-and-business-administration","Economics and Business Administration","master","master","Aalborg University (AAU)","Aalborg","","2 years","business-management","Get a Master’s in Economics and Business Administration (MSc in Economics and Business Administration) at AAU. You will gain deep insight into the theories and methods used within specific business economics fields and have the opportunity…","https://www.en.aau.dk/education/master/economics-and-business-administration","https://studyindenmark.dk/portal/aalborg-university-aau/aalborg/economics-and-business-administration","","","","","2026-08-02"
"aarhus-university-au:aarhus:economics-and-business-administration-business","Economics and Business Administration - Business Intelligence","master","master","Aarhus University (AU)","Aarhus","","2 years","business-management","GENERATING SOLUTIONS Business Intelligence is concerned with the concepts and methods that can improve business decision-making by providing fact-based support systems.…","https://masters.au.dk/businessintelligence","https://studyindenmark.dk/portal/aarhus-university-au/aarhus/economics-and-business-administration-business","","","","","2026-08-02"
"aarhus-university-au:aarhus:economics-and-business-administration-commercial","Economics and Business Administration - Commercial and Retail Management","master","master","Aarhus University (AU)","Aarhus","","2 years","business-management","The MSc in Commercial and Retail Management is based on the growing challenges faced by the consumer goods industry. It has been developed in close collaboration with prominent actors in the industry.…","https://masters.au.dk/retailmanagement","https://studyindenmark.dk/portal/aarhus-university-au/aarhus/economics-and-business-administration-commercial","","","","","2026-08-02"
"aarhus-university-au:aarhus:economics-and-business-administration-digital","Economics and Business Administration - Digital Business Management","master","master","Aarhus University (AU)","Aarhus","","2 years","business-management | it-data","The MSc programme in Digital Business Management addresses the increasing demand for business professionals who are able to apply digital technologies and data-driven methods to create new business opportunities, creating graduates who…","https://masters.au.dk/digitalbusinessmanagement","https://studyindenmark.dk/portal/aarhus-university-au/aarhus/economics-and-business-administration-digital","","","","","2026-08-02"
"aarhus-university-au:aarhus:economics-and-business-administration-finance","Economics and Business Administration - Finance","master","master","Aarhus University (AU)","Aarhus","","2 years","business-management | education-learning","The Master’s degree programme in finance is a comprehensive, research-based university education in finance with a strong focus on developing quantitative and analytical skills relevant to the financial industry.…","https://masters.au.dk/finance","https://studyindenmark.dk/portal/aarhus-university-au/aarhus/economics-and-business-administration-finance","","","","","2026-08-02"
"aarhus-university-au:aarhus:economics-and-business-administration-finance-and","Economics and Business Administration - Finance and International Business","master","master","Aarhus University (AU)","Aarhus","","2 years","business-management | society-politics","The MSc in Finance and International Business (FIB) is meticulously crafted to equip you with advanced corporate and financial skills and prepare you for diverse and rewarding career paths in the global business landscape.…","https://masters.au.dk/financeandinternationalbusiness","https://studyindenmark.dk/portal/aarhus-university-au/aarhus/economics-and-business-administration-finance-and","","","","","2026-08-02"
"aarhus-university-au:aarhus:economics-and-business-administration-innovation","Economics and Business Administration - Innovation Management","master","master","Aarhus University (AU)","Aarhus","","2 years","business-management | engineering-technology","The MSc in Innovation Management is more than just a master's degree; it is the start of a journey towards leadership in innovation. Position yourself at the intersection between innovation, technology, entrepreneurship, and modern business…","https://masters.au.dk/innovationmanagement","https://studyindenmark.dk/portal/aarhus-university-au/aarhus/economics-and-business-administration-innovation","","","","","2026-08-02"
"aarhus-university-au:aarhus:economics-and-business-administration","Economics and Business Administration - International Business","master","master","Aarhus University (AU)","Aarhus","","2 years","business-management | society-politics","In today's rapidly changing and interconnected world, firms face an increasing array of choices regarding markets, locations for key activities, ownership modes, and organisation and processes for managing across borders.…","https://masters.au.dk/internationalbusiness","https://studyindenmark.dk/portal/aarhus-university-au/aarhus/economics-and-business-administration","","","","","2026-08-02"
"aarhus-university-au:herning:economics-and-business-administration","Economics and Business Administration - International Business Development","master","master","Aarhus University (AU)","Herning","","2 years","business-management | engineering-technology | natural-science | sustainability-climate | society-politics","The role of business development has evolved considerably in recent years due to advances in technology and a need for environmental sustainability.…","https://masters.au.dk/intbusinessdevelopment","https://studyindenmark.dk/portal/aarhus-university-au/herning/economics-and-business-administration","","","","","2026-08-02"
"aarhus-university-au:aarhus:economics-and-business-administration-management","Economics and Business Administration - Management Accounting and Control","master","master","Aarhus University (AU)","Aarhus","","2 years","business-management | humanities-culture","Management Accounting – also known as Management Control – is a fundamental aspect of business administration. Management Accounting is the primary language of business, and it creates the foundation for discussions of a company’s financial…","https://masters.au.dk/managementaccountingandcontrol","https://studyindenmark.dk/portal/aarhus-university-au/aarhus/economics-and-business-administration-management","","","","","2026-08-02"
"aarhus-university-au:aarhus:economics-and-business-administration-marketing","Economics and Business Administration - Marketing Analytics and Strategy","master","master","Aarhus University (AU)","Aarhus","","2 years","business-management","The Marketing Analytics and Strategy programme focuses on customer centricity in order to co-create products and services of value to the target market and target customer group that the company is serving.…","https://masters.au.dk/marketing","https://studyindenmark.dk/portal/aarhus-university-au/aarhus/economics-and-business-administration-marketing","","","","","2026-08-02"
"aarhus-university-au:aarhus:economics-and-business-administration-operations","Economics and Business Administration - Operations and Supply Chain Analytics","master","master","Aarhus University (AU)","Aarhus","","2 years","business-management | it-data","By joining the Operations and Supply Chain Analytics (OSCA) programme, you will learn how to address complex problems and make more effective decisions based on data, methodical consideration of available options, and careful predictions of…","https://masters.au.dk/operationsandsupplychainanalytics","https://studyindenmark.dk/portal/aarhus-university-au/aarhus/economics-and-business-administration-operations","","","","","2026-08-02"
"aarhus-university-au:aarhus:economics-and-business-administration-strategic","Economics and Business Administration - Strategic Value Chain Management","master","master","Aarhus University (AU)","Aarhus","","2 years","business-management | society-politics","Management extends beyond a single company. A company is dependent on money, supplies, services, and knowledge from a range of suppliers and customers, often spread out over the global business landscape.…","https://masters.au.dk/businesstobusiness","https://studyindenmark.dk/portal/aarhus-university-au/aarhus/economics-and-business-administration-strategic","","","","","2026-08-02"
"aarhus-university-au:aarhus:economics-and-business-administration-strategy","Economics and Business Administration - Strategy, Organisation and Leadership","master","master","Aarhus University (AU)","Aarhus","","2 years","business-management | it-data | sustainability-climate | society-politics","It is a time of transitions in the business community with increasing globalisation, sustainability efforts and digitalisation on the agenda.…","https://masters.au.dk/strategyorganisationandleadership","https://studyindenmark.dk/portal/aarhus-university-au/aarhus/economics-and-business-administration-strategy","","","","","2026-08-02"
"university-of-southern-denmark-sdu:sonderborg:economics-and-business-administration-2013-global","Economics and Business Administration – Global Business Relationships","bachelor","bachelor","University of Southern Denmark (SDU)","Sønderborg","","3 years","business-management | society-politics","Description The business world is becoming increasingly internationalised. Today, this goes not only for major conglomerates, but for many small and medium-sized companies as well.…","https://www.sdu.dk/en/uddannelse/bachelor/ha_global_business_relationships","https://studyindenmark.dk/portal/university-of-southern-denmark-sdu/sonderborg/economics-and-business-administration-2013-global","","","","","2026-08-02"
"aarhus-university-au:aarhus:economics-and-business-administration-aarhus","Economics and Business Administration (Aarhus)","bachelor","bachelor","Aarhus University (AU)","Aarhus","","3 years","business-management | it-data | law","This programme aims to give students a broad introduction to a number of economic, legal, and organisational issues within the field of business.…","https://bachelor.au.dk/en/economics-and-business-administration","https://studyindenmark.dk/portal/aarhus-university-au/aarhus/economics-and-business-administration-aarhus","","","","","2026-08-02"
"aarhus-university-au:herning:economics-and-business-administration-herning","Economics and Business Administration (Herning)","bachelor","bachelor","Aarhus University (AU)","Herning","","3 years","business-management | it-data | law","This programme aims to give students a broad introduction to a number of economic, legal, and organisational issues within the field of business.…","https://bachelor.au.dk/en/economics-and-business-administration-auhe","https://studyindenmark.dk/portal/aarhus-university-au/herning/economics-and-business-administration-herning","","","","","2026-08-02"
"aarhus-university-au:aarhus:electrical-engineering","Electrical Engineering","master","master","Aarhus University (AU)","Aarhus","","2 years","it-data | engineering-technology","SPECIALISE AS YOU CHOOSE As a student on the MSc in Electrical Engineering programme, you have the option of specialising in a number of areas within electrical engineering, including analogue and digital electronics and signal processing.…","https://masters.au.dk/electrical-engineering-msc-in-engineering","https://studyindenmark.dk/portal/aarhus-university-au/aarhus/electrical-engineering","","","","","2026-08-02"
"aalborg-university-aau:aalborg:electrical-power-systems-and-high-voltage","Electrical Power Systems and High Voltage Engineering, Specialisation of Energy Engineering","master","master","Aalborg University (AAU)","Aalborg","","2 years","engineering-technology","Description When you study Energy Engineering, you can choose the specialisation Electrical Power Systems and High Voltage Engineering.…","https://www.en.aau.dk/education/master/energy-engineering/electrical-power-systems-high-voltage-engineering","https://studyindenmark.dk/portal/aalborg-university-aau/aalborg/electrical-power-systems-and-high-voltage","","","","","2026-08-02"
"aalborg-university-aau:aalborg:electro-mechanical-systems-design-specialisation","Electro-Mechanical Systems Design, Specialisation of Mechanical Engineering","master","master","Aalborg University (AAU)","Aalborg","","2 years","engineering-technology | design-architecture-arts","Description Do you want to improve constructions or create new innovative products? As a graduate from the specialisation in Electro-Mechanical System Design, you will be able to engineer systems and devices where mechanics, electronics,…","https://www.en.aau.dk/education/master/mechanical-engineering/electro-mechanical-system-design","https://studyindenmark.dk/portal/aalborg-university-aau/aalborg/electro-mechanical-systems-design-specialisation","","","","","2026-08-02"
"the-royal-academy-of-music-aarhus-aalborg:aarhus-departement:electronic-composition","Electronic Composition","master","master","Royal Academy of Music Aarhus/Aalborg","Aarhus Departement","","2 years","design-architecture-arts | natural-science | sustainability-climate | society-politics","The environment at this programme is unique, even by international standards. Based on DIEM, The Danish Institute of Electronic Music, founded in 1986, the programme is very popular and is recognised internationally.…","https://musikkons.dk/en/programmes/electronic/electronic-composition/","https://studyindenmark.dk/portal/the-royal-academy-of-music-aarhus-aalborg/aarhus-departement/electronic-composition","","","","","2026-08-02"
"danish-national-academy-of-music:esbjerg:electronic-music-and-sound-art","Electronic music and sound art","bachelor","bachelor","Danish National Academy of Music","Esbjerg","","3","business-management | it-data | design-architecture-arts","The aim of the programme at SDMK is to give the students basic knowledge, competences and skills within electronic music, sound art and entrepreneurship.…","https://www.sdmk.dk/en/studies/study-programmes/electronic-music-and-sound-art","https://studyindenmark.dk/portal/danish-national-academy-of-music/esbjerg/electronic-music-and-sound-art","","","","","2026-08-02"
"the-royal-academy-of-music-aarhus-aalborg:aalborg-departement:electronic-sound-and-music","Electronic Sound and Music","bachelor","bachelor","Royal Academy of Music Aarhus/Aalborg","Aalborg Departement","","3 years","design-architecture-arts","On this programme the student will be working with the production and performance of electronic music and sound. The programme focus on compositional methods and take an analytical approach to investigating contemporary and older electronic…","https://musikkons.dk/en/programmes/electronic/electronic-sound-and-music/","https://studyindenmark.dk/portal/the-royal-academy-of-music-aarhus-aalborg/aalborg-departement/electronic-sound-and-music","","","","","2026-08-02"
"aalborg-university-aau:aalborg:electronic-systems-msc-in-engineering","Electronic Systems, MSc in Engineering","master","master","Aalborg University (AAU)","Aalborg","","2 years","engineering-technology | natural-science","Description The Master of Science in engineering programme Electronic Systems at Aalborg University is a two-year, research-based full-time study programme of 120 ECTS.…","https://www.en.aau.dk/education/master/electronic-systems/","https://studyindenmark.dk/portal/aalborg-university-aau/aalborg/electronic-systems-msc-in-engineering","","","","","2026-08-02"
"university-of-southern-denmark-sdu:sonderborg:electronics-beng","Electronics (BEng)","bachelor","bachelor","University of Southern Denmark (SDU)","Sønderborg","","3,5 years","engineering-technology | sustainability-climate","What other engineers build; electronic engineers make intelligent. Are you one of them?Engineers in electronics play an indispensable role in reducing CO2 emissions and making the transition to sustainable energy.…","https://direc.to/iKGa","https://studyindenmark.dk/portal/university-of-southern-denmark-sdu/sonderborg/electronics-beng","","","","","2026-08-02"
"university-of-southern-denmark-sdu:sonderborg:electronics-bsc","Electronics (BSc)","bachelor","bachelor","University of Southern Denmark (SDU)","Sønderborg","","3 years","engineering-technology | society-politics","Electronics engineers are facing an exceptionally bright future. Are you one of them? With a Bachelor’s degree in Electronics Engineering, you can make a real-life impact in society.…","https://direc.to/iKHs","https://studyindenmark.dk/portal/university-of-southern-denmark-sdu/sonderborg/electronics-bsc","","","","","2026-08-02"
"university-of-southern-denmark-sdu:sonderborg:electronics-engineering-msc","Electronics Engineering (MSc)","master","master","University of Southern Denmark (SDU)","Sønderborg","","2 years","engineering-technology | natural-science","Create tomorrow's intelligent solutions As a Master of Science in Electronics Engineering, you become a specialist in power electronics and embedded systems, which are found in almost all modern electronic devices.…","https://direc.to/iJNE","https://studyindenmark.dk/portal/university-of-southern-denmark-sdu/sonderborg/electronics-engineering-msc","","","","","2026-08-02"
"university-of-southern-denmark-sdu:odense:electronics-engineering-msc","Electronics Engineering (MSc)","master","master","University of Southern Denmark (SDU)","Odense","","2 years","engineering-technology | society-politics | communication-media","Want to play a central role in the development of the future's intelligent products? With an MSc in Engineering - Electronics you will be a specialist in microelectronics, embedded and communication systems.…","https://direc.to/nr9A","https://studyindenmark.dk/portal/university-of-southern-denmark-sdu/odense/electronics-engineering-msc","","","","","2026-08-02"
"aalborg-university-aau:esbjerg:energy-engineering","Energy Engineering","bachelor","bachelor","Aalborg University (AAU)","Esbjerg","180","3 years","engineering-technology","At Energy Engineering, you can help invent and develop the energy systems of the future. You will, for example, work with dynamic and thermal processes in wind turbines, solar cells, Power-to-X and biofuels.…","https://www.en.aau.dk/education/bachelor/energy-engineering","https://studyindenmark.dk/portal/aalborg-university-aau/esbjerg/energy-engineering","","","","","2026-08-02"
"aalborg-university-aau:aalborg:energy-engineering-msc-in-engineering","Energy Engineering, MSc in Engineering","master","master","Aalborg University (AAU)","Aalborg","","2 years","engineering-technology","Description Imagine a world without oil, coal, and gas. This would result in a lack of electricity and heat. We would not be able to drive our cars or take a bus – and flying would be out of the question as we would not have any fuel.…","https://www.en.aau.dk/education/master/energy-engineering/","https://studyindenmark.dk/portal/aalborg-university-aau/aalborg/energy-engineering-msc-in-engineering","","","","","2026-08-02"
"university-of-southern-denmark-sdu:sonderborg:engineering-innovation-and-business-bsc","Engineering, Innovation and Business (BSc)","bachelor","bachelor","University of Southern Denmark (SDU)","Sønderborg","","3 years","business-management | engineering-technology | society-politics","From idea to implementing a new business opportunity If you are interested in creating your own business or helping existing companies in their business development, then a bachelor's degree in Engineering, Innovation & Business is…","https://direc.to/iKDn","https://studyindenmark.dk/portal/university-of-southern-denmark-sdu/sonderborg/engineering-innovation-and-business-bsc","","","","","2026-08-02"
"university-of-southern-denmark-sdu:sonderborg:engineering-innovation-and-business-msc","Engineering, Innovation and Business (MSc)","master","master","University of Southern Denmark (SDU)","Sønderborg","","2 years","business-management | engineering-technology","Become an expert in new technology and business Innovation is only truly fun when it can turn the bottom line from red to black. To do that, you need idea and product developers with a substantial knowledge in and understanding of…","https://direc.to/iJMr","https://studyindenmark.dk/portal/university-of-southern-denmark-sdu/sonderborg/engineering-innovation-and-business-msc","","","","","2026-08-02"
"aarhus-university-au:aarhus:english","English","master","master","Aarhus University (AU)","Aarhus","","2 years","society-politics | humanities-culture","English is the language of globalisation. It is the mother tongue of around 350 million people, and an even larger number speak it as a second language.…","https://masters.au.dk/English","https://studyindenmark.dk/portal/aarhus-university-au/aarhus/english","","","","","2026-08-02"
"university-of-southern-denmark-sdu:odense:english-studies","English Studies","master","master","University of Southern Denmark (SDU)","Odense","","2 years","business-management | society-politics","Description In line with internationalisation and the spread of the internet, there is a growing need for graduates with skills in English – in private business, too.…","https://www.sdu.dk/en/uddannelse/kandidat/engelsk_odense","https://studyindenmark.dk/portal/university-of-southern-denmark-sdu/odense/english-studies","","","","","2026-08-02"
"the-royal-danish-academy-of-music:study-programmes-within-music-and-music-pedagogy:ensemble-choir-conducting-master","Ensemble/Choir Conducting - Master","master","master","Royal Danish Academy of Music","Study Programmes Within Music And Music Pedagogy","","2 years","other","About the programme As a ensemble conductor or orchestral conductor, your principal study will be in conducting. As an ensemble conductor, you will work with string and wind ensembles and big bands, and can function as an ensemble leader in…","http://english.dkdm.dk/Studies/Admission","https://studyindenmark.dk/portal/the-royal-danish-academy-of-music/study-programmes-within-music-and-music-pedagogy/ensemble-choir-conducting-master","","","","","2026-08-02"
"aalborg-university-aau:aalborg:entrepreneurial-business-engineering-msc-in","Entrepreneurial Business Engineering, MSc in Technology","master","master","Aalborg University (AAU)","Aalborg","","2 years","business-management | engineering-technology","Get a Master’s in Entrepreneurship and Business Innovation at AAU. Learn to develop, create and strengthen companies and work with methods, processes and organisational and management principles related to innovation and entrepreneurship in…","https://www.en.aau.dk/education/master/entrepreneurial-business-engineering","https://studyindenmark.dk/portal/aalborg-university-aau/aalborg/entrepreneurial-business-engineering-msc-in","","","","","2026-08-02"
"via-university-college:campus-herning:entrepreneurship-and-innovation-top-up-2027","Entrepreneurship and Innovation — Design & Business","bachelor","top-up-bachelor","VIA University College","Herning","90 ECTS","1 year 6 months","business-management | design-architecture-arts","Anglický Top-up program pro absolventy kompatibilního AP degree zaměřený na inovace, koncepty, podnikání a rozvoj nových produktů.","https://en.via.dk/programmes/bachelor/design-and-business-bachelor-top-up","https://studyindenmark.dk/portal/via-university-college/campus-herning/entrepreneurship-and-innovation-design-business","confirmed-2027","Poslední nástup: srpen 2027","Vyžaduje kompatibilní AP degree nebo srovnatelné předchozí vzdělání. Současná 1,5letá varianta po tomto nástupu končí.","https://en.via.dk/programmes/bachelor/design-and-business-bachelor-top-up/political-reform","2026-08-02"
"university-of-copenhagen-ucph:frederiksberg-campus:agricultural-development","Environment and Development","master","master","University of Copenhagen (UCPH)","Frederiksberg / Copenhagen","","2 years","natural-science | sustainability-climate | society-politics | education-learning","Description The two-year MSc programme in Environment and Development practices field- and research-based learning, giving you a holistic and realistic understanding of environmental resources and development – from soil fertility…","https://www.ku.dk/studies/masters/environment-and-development","https://studyindenmark.dk/portal/university-of-copenhagen-ucph/frederiksberg-campus/agricultural-development","","","","","2026-08-02"
"university-of-copenhagen-ucph:frederiksberg-campus:environmental-and-natural-resource-economics","Environmental and Natural Resource Economics","master","master","University of Copenhagen (UCPH)","Frederiksberg / Copenhagen","","2 years","business-management | natural-science | sustainability-climate","Description With an MSc degree in Environmental and Natural Resource Economics, you will know how to deal with environmental and natural resource problems from an economic perspective and with a solid understanding of basic bio-physical…","https://www.ku.dk/studies/masters/environmental-and-natural-resource-economics","https://studyindenmark.dk/portal/university-of-copenhagen-ucph/frederiksberg-campus/environmental-and-natural-resource-economics","","","","","2026-08-02"
"university-of-southern-denmark-sdu:esbjerg:environmental-and-resource-management","Environmental and Resource Management","master","master","University of Southern Denmark (SDU)","Esbjerg","","2 years","business-management | natural-science | sustainability-climate","Description Exploiting natural and environmental resources, such as fossil fuels, minerals, fish or land, is inherently problematic. Environmental and Resource Management is about solving environmental problems.You will study the…","http://www.sdu.dk/en/Uddannelse/Kandidat/Miljoe_og_ressource_management","https://studyindenmark.dk/portal/university-of-southern-denmark-sdu/esbjerg/environmental-and-resource-management","","","","","2026-08-02"
"university-of-southern-denmark-sdu:odense:environmental-engineering-msc","Environmental Engineering (MSc)","master","master","University of Southern Denmark (SDU)","Odense","","2 years","engineering-technology | natural-science | sustainability-climate","We need environmental engineers to turn the tide Massive climate challenges and scarce natural resources threaten our future. Therefore, we need environmental engineers to turn the tide– and this could be you.…","https://direc.to/iJqW","https://studyindenmark.dk/portal/university-of-southern-denmark-sdu/odense/environmental-engineering-msc","","","","","2026-08-02"
"aalborg-university-aau:aalborg:environmental-management-and-sustainability","Environmental Management and Sustainability Science, Specialisation of Urban, Energy and Environmental Planning","master","master","Aalborg University (AAU)","Aalborg","","2 years","business-management | engineering-technology | natural-science | sustainability-climate","Description The Master of Science Programme in Environmental Management and Sustainability Science at Aalborg University is directed at science and engineering students who are interested in topics related to sustainability and…","https://www.en.aau.dk/education/master/urban-energy-and-environmental-planning/environmental-management-and-sustainability","https://studyindenmark.dk/portal/aalborg-university-aau/aalborg/environmental-management-and-sustainability","","","","","2026-08-02"
"roskilde-university-ruc:roskilde:environmental-science","Environmental Science","master","master","Roskilde University (RUC)","Roskilde","","2 years","natural-science | sustainability-climate","The purpose of the programme is to provide you with a strong understanding of the nature and extent of environmental problems. The programme produces interdisciplinary graduates who can apply their knowledge and skills to analysis,…","https://ruc.dk/en/master/environmental-science","https://studyindenmark.dk/portal/roskilde-university-ruc/roskilde/environmental-science","","","","","2026-08-02"
"university-of-copenhagen-ucph:frederiksberg-campus:environmental-science-formerly-environmental","Environmental Science","master","master","University of Copenhagen (UCPH)","Frederiksberg / Copenhagen","","2 years","natural-science | sustainability-climate","Description The MSc programme in Environmental Science is an interdisciplinary programme. This means that you will receive instruction from experts from different faculties and research institutions in their own research environment.…","https://www.ku.dk/studies/masters/environmental-science","https://studyindenmark.dk/portal/university-of-copenhagen-ucph/frederiksberg-campus/environmental-science-formerly-environmental","","","","","2026-08-02"
"aalborg-university-aau:aalborg:environmental-science-msc-in-technology","Environmental Science, MSc in Technology","master","master","Aalborg University (AAU)","Aalborg","","2 years","engineering-technology | natural-science | sustainability-climate","Description As a graduate student in the Environmental Science programme, you will work with projects from different areas of environmental science, for example climate-friendly energy production, sustainable agricultural or industrial…","http://www.en.aau.dk/education/master/environmental-science/","https://studyindenmark.dk/portal/aalborg-university-aau/aalborg/environmental-science-msc-in-technology","","","","","2026-08-02"
"aalborg-university-aau:aalborg:eu-studies-elective-study-profile-of-international","EU Studies, Elective study profile of International Relations","master","master","Aalborg University (AAU)","Aalborg","","2 years","business-management | society-politics","Description EU Studies is a profile of the Master of International Relations. The European Union (EU) is not only one of the main players on the international scene, but also the most important economic and political frame for the 27 EU…","https://www.en.aau.dk/education/master/international-relations#eu-studies","https://studyindenmark.dk/portal/aalborg-university-aau/aalborg/eu-studies-elective-study-profile-of-international","","","","","2026-08-02"
"international-business-academy-iba:ea-kolding-iba:euro-asia-business-management-not-available-in","Euro-Asia Business Management (not available in English from September 2022)","bachelor","bachelor","International Business Academy (IBA)","Ea Kolding Iba","","4 years","business-management | society-politics","Description If you are interested in an international career in sales, management and marketing, and would like to study in China for two years, this programme may be of interest to you.In the fast-expanding global market, IBA and Shanghai…","https://www.iba.dk/international/bachelor/euro-asia-business-management-int-iba","https://studyindenmark.dk/portal/international-business-academy-iba/ea-kolding-iba/euro-asia-business-management-not-available-in","","","","","2026-08-02"
"international-business-academy-iba:ea-kolding-iba:european-executive-mba-e-learning","European Executive MBA (e-learning)","master","master","International Business Academy (IBA)","Ea Kolding Iba","","2-6 years part-time","society-politics | education-learning","Description As a manager, it is important to stay ahead of market trends and development, as well as with the various external factors that influence a company’s success, ability to compete with others, and position in the market.Some of…","https://www.iba.dk/international/master/european-executive-mba-e-learning","https://studyindenmark.dk/portal/international-business-academy-iba/ea-kolding-iba/european-executive-mba-e-learning","","","","","2026-08-02"
"university-of-southern-denmark-sdu:sonderborg:european-studies","European Studies","bachelor","bachelor","University of Southern Denmark (SDU)","Sønderborg","","3 years","other","Description The programme includes both theoretical and practical knowledge and insight into European conditions with thorough knowledge in relation to regions and the significance of these in Europe.…","https://www.sdu.dk/en/uddannelse/bachelor/europaeiske_studier","https://studyindenmark.dk/portal/university-of-southern-denmark-sdu/sonderborg/european-studies","","","","","2026-08-02"
"aarhus-university-au:aarhus:european-studies","European Studies","master","master","Aarhus University (AU)","Aarhus","","2 years","business-management","EUROPEAN STUDIES, EUROPEAN CONNECTIONS Europe is becoming more and more important. As Europeans become more closely connected, the EU makes decisions that affect every European nation, every level of industry, and virtually every business.…","https://masters.au.dk/europeanstudies","https://studyindenmark.dk/portal/aarhus-university-au/aarhus/european-studies","","","","","2026-08-02"
"copenhagen-business-school-cbs:frederiksberg-campus:executive-mba","Executive MBA","master","master","Copenhagen Business School (CBS)","Frederiksberg / Copenhagen","","","business-management | design-architecture-arts","About the programme: The Executive MBA (EMBA) from Copenhagen Business School has a unique programme design and offers real-world applicability, providing the platform for you to experience immediate impact in your personal and professional…","https://efteruddannelse.cbs.dk/en/mba/programmes/executive-mba","https://studyindenmark.dk/portal/copenhagen-business-school-cbs/frederiksberg-campus/executive-mba","","","","","2026-08-02"
"international-business-academy-iba:ea-kolding-iba:executive-mba-part-time","Executive MBA (part-time)","master","master","International Business Academy (IBA)","Ea Kolding Iba","","2 years (part-time)","business-management | society-politics","Description It has become increasingly important that leaders can navigate in the international business world, which is constantly changing. It is important to be ahead of the many changes and to really understand them.…","https://www.iba.dk/international/master/executive-mba","https://studyindenmark.dk/portal/international-business-academy-iba/ea-kolding-iba/executive-mba-part-time","","","","","2026-08-02"
"copenhagen-business-school-cbs:frederiksberg-campus:executive-mba-in-shipping-and-logistics-the-blue","Executive MBA in Shipping and Logistics (The Blue MBA)","master","master","Copenhagen Business School (CBS)","Frederiksberg / Copenhagen","","Two years of part-time study","business-management","Programme description: Recognised as the best part-time Executive MBA in Shipping and Logistics in the world, the Executive MBA in Shipping & Logistics from Copenhagen Business School (The Blue MBA) is a unique MBA giving high-potential…","https://efteruddannelse.cbs.dk/en/mba/programmes/executive-mba-in-shipping-and-logistics","https://studyindenmark.dk/portal/copenhagen-business-school-cbs/frederiksberg-campus/executive-mba-in-shipping-and-logistics-the-blue","","","","","2026-08-02"
"via-university-college:campus-herning:fashion-design-top-up-2027","Fashion Design — Design & Business","bachelor","top-up-bachelor","VIA University College","Herning","90 ECTS","1 year 6 months","design-architecture-arts | business-management","Anglický Top-up program pro absolventy kompatibilního AP degree, kteří chtějí získat profesní bakalářský titul v módním designu.","https://en.via.dk/programmes/bachelor/design-and-business-bachelor-top-up","https://studyindenmark.dk/portal/via-university-college/campus-herning/fashion-design-design-business-top-up-degree","confirmed-2027","Poslední nástup: srpen 2027","Vyžaduje kompatibilní AP degree nebo srovnatelné předchozí vzdělání. Současná 1,5letá varianta po tomto nástupu končí.","https://en.via.dk/programmes/bachelor/design-and-business-bachelor-top-up/political-reform","2026-08-02"
"via-university-college:campus-herning:fashion-design-ap-2027","Fashion Design — Design, Technology & Business","bachelor","ap-degree","VIA University College","Herning","120 ECTS","2 years","design-architecture-arts | business-management","Dvouletý AP program v angličtině zaměřený na módní design, materiály, konstrukci oděvu a práci s lifestyle průmyslem.","https://en.via.dk/programmes/bachelor/design-technology-and-business-ap-degree","https://studyindenmark.dk/portal/via-university-college/campus-herning/fashion-design-design-technology-business-ap","confirmed-2027","Nástup 2027/28 potvrzen","VIA výslovně uvádí, že tento AP program pokračuje i v létě 2027. Přesné datum a deadline ověř před podáním přihlášky.","https://en.via.dk/programmes/bachelor/design-and-business-bachelor-top-up/political-reform","2026-08-02"
"royal-danish-academy-architecture-design-and:copenhagen:fashion-clothing-textiles","Fashion, Clothing & Textiles","master","master","Royal Danish Academy — Architecture, Design, Conservation","Copenhagen","","2 years","design-architecture-arts | society-politics","Description MA Fashion, Clothing & Textiles; New Landscapes for Change has an international profile founded in a unique combination of artistic development, professional practice and academic research.…","https://royaldanishacademy.com/programme/fashion-design-0","https://studyindenmark.dk/portal/royal-danish-academy-architecture-design-and/copenhagen/fashion-clothing-textiles","","","","","2026-08-02"
"danish-national-academy-of-music:esbjerg:film-composition","Film Composition","master","master","Danish National Academy of Music","Esbjerg","","2 years","design-architecture-arts","The master’s programme in film composition represents a unique opportunity to develop the necessary skills to compose and edit music for films, TV and video.…","https://www.sdmk.dk/en/studies/study-programmes/film-composition","https://studyindenmark.dk/portal/danish-national-academy-of-music/esbjerg/film-composition","","","","","2026-08-02"
"copenhagen-business-school-cbs:frederiksberg-campus:finance-and-investments-msc","Finance and Investments (MSc)","master","master","Copenhagen Business School (CBS)","Frederiksberg / Copenhagen","","2 years","business-management","Description Through this programme you will develop a deep understanding of the structure and workings of financial markets and financial institutions.…","https://www.cbs.dk/en/study-programmes/master-programmes/msc-economics-and-business-administration-finance-and","https://studyindenmark.dk/portal/copenhagen-business-school-cbs/frederiksberg-campus/finance-and-investments-msc","","","","","2026-08-02"
"copenhagen-business-school-cbs:frederiksberg-campus:finance-and-strategic-management-msc","Finance and Strategic Management (MSc)","master","master","Copenhagen Business School (CBS)","Frederiksberg / Copenhagen","","2 years","business-management","Description Through an understanding of the financial tools, economic organisation and strategic processes of a company, you will learn to provide support for internal decision making, and evaluate the potential risks and outcomes of these…","https://www.cbs.dk/en/study-programmes/master-programmes/msc-economics-and-business-administration-finance-and-strategic","https://studyindenmark.dk/portal/copenhagen-business-school-cbs/frederiksberg-campus/finance-and-strategic-management-msc","","","","","2026-08-02"
"aalborg-university-aau:aalborg:finance-specialisation-of-economics-and-business","Finance, Specialisation of Economics and Business Administration","master","master","Aalborg University (AAU)","Aalborg","","2 years","business-management","Description The MSc programme in Finance at Aalborg University Business School (AAUBS) helps to develop a coherent understanding of the functioning of financial markets as well as the functioning of firms’ financing.…","https://www.en.aau.dk/education/master/economics-and-business-administration/finance","https://studyindenmark.dk/portal/aalborg-university-aau/aalborg/finance-specialisation-of-economics-and-business","","","","","2026-08-02"
"aalborg-university-aau:esbjerg:fluids-and-process-systems-sustainable-energy","Fluids and Process Systems (Sustainable Energy Engineering)","master","master","Aalborg University (AAU)","Esbjerg","","2 years","engineering-technology | sustainability-climate","Description The MSc specialisation in Fluids and Process Systems primarily focuses on advanced competences in sustainable energy systems technology, bio energy systems, fluid mechanics and flow systems, including CFD and multiphase flows.…","https://www.en.aau.dk/education/master/sustainable-energy-engineering/fluids-and-process-systems","https://studyindenmark.dk/portal/aalborg-university-aau/esbjerg/fluids-and-process-systems-sustainable-energy","","","","","2026-08-02"
"danish-national-academy-of-music:esbjerg:folk-musician","Folk Musician","master","master","Danish National Academy of Music","Esbjerg","","2 years","design-architecture-arts | education-learning","The folk music programme at SDMK is the only one of its kind in Denmark. Rooted in Danish and Nordic music traditions, the programme includes teaching in both traditional and new folk music.…","https://www.sdmk.dk/en/studies/study-programmes/folk-musician","https://studyindenmark.dk/portal/danish-national-academy-of-music/esbjerg/folk-musician","","","","","2026-08-02"
"university-of-copenhagen-ucph:frederiksberg-campus:food-innovation-and-health","Food Innovation and Health","master","master","University of Copenhagen (UCPH)","Frederiksberg / Copenhagen","","2 years","business-management | health-life-science | society-politics","Description Our consumption of food has changed. Today, more and more of our meals are already partially or fully prepared before we even enter the kitchen. At the same time, obesity and malnourishment are growing problems in society.…","https://www.ku.dk/studies/masters/food-innovation-and-health","https://studyindenmark.dk/portal/university-of-copenhagen-ucph/frederiksberg-campus/food-innovation-and-health","","","","","2026-08-02"
"university-of-copenhagen-ucph:frederiksberg-campus:food-science-and-technology","Food Science and Technology","master","master","University of Copenhagen (UCPH)","Frederiksberg / Copenhagen","","2 years","engineering-technology | health-life-science | natural-science","Description In the two-year Food Science and Technology programme you will learn about the challenges associated with food production, food safety, food quality and health.…","http://studies.ku.dk/masters/food-science-and-technology/","https://studyindenmark.dk/portal/university-of-copenhagen-ucph/frederiksberg-campus/food-science-and-technology","","","","","2026-08-02"
"university-of-copenhagen-ucph:south-campus:forest-and-nature-management","Forest and Nature Management","master","master","University of Copenhagen (UCPH)","South Campus","","2 years","business-management | natural-science | sustainability-climate","Description Forests are important for the well-being of the entire earth - animals, plants, humans, the climate and the environment all depend on them.…","https://www.ku.dk/studies/masters/forest-and-nature-management","https://studyindenmark.dk/portal/university-of-copenhagen-ucph/south-campus/forest-and-nature-management","","","","","2026-08-02"
"aalborg-university-aau:aalborg:fuel-cells-and-hydrogen-technology-specialisation","Fuel Cells and Hydrogen Technology, Specialisation of Energy Engineering","master","master","Aalborg University (AAU)","Aalborg","","2 years","engineering-technology","Description During the MSc programme in Fuel Cells and Hydrogen Technology (HYTEC), you will study energy systems based on hydrogen and fuel cell technology.The programme covers production of hydrogen, application of hydrogen in fuel cells…","https://www.en.aau.dk/education/master/energy-engineering/fuel-cells-and-hydrogen-technology","https://studyindenmark.dk/portal/aalborg-university-aau/aalborg/fuel-cells-and-hydrogen-technology-specialisation","","","","","2026-08-02"
"royal-danish-academy-architecture-design-and:copenhagen:furniture-design","Furniture Design","master","master","Royal Danish Academy — Architecture, Design, Conservation","Copenhagen","","2 years","business-management | engineering-technology | design-architecture-arts | natural-science | sustainability-climate | society-politics","Description The programme looks at furniture, spaces, materials and industrial product design through a critical lens, with a specific focus on social-, economic - and environmental sustainability.…","https://royaldanishacademy.com/programme/furniture-design","https://studyindenmark.dk/portal/royal-danish-academy-architecture-design-and/copenhagen/furniture-design","","","","","2026-08-02"
"it-university-of-copenhagen-itu:kobenhavn:games","Games","master","master","IT University of Copenhagen (ITU)","Kobenhavn","","2 years","it-data | society-politics","Description The MSc in Games deals with computer games both on a theoretical and a practical level. You will study the cultural significance of computer games, how to contribute to the development of a computer game and how to adapt the…","http://itu.dk/en/Uddannelser/Study-Programmes/MSc-in-Games","https://studyindenmark.dk/portal/it-university-of-copenhagen-itu/kobenhavn/games","","","","","2026-08-02"
"copenhagen-business-school-cbs:frederiksberg-campus:general-management-and-analytics-msc","General Management and Analytics (MSc)","master","master","Copenhagen Business School (CBS)","Frederiksberg / Copenhagen","","2 years","business-management","Description By combining business economics with decision-driven analytics, you will learn to enable informed decision-making for complex business problems.…","https://www.cbs.dk/en/study-programmes/master-programmes/msc-economics-and-business-administration-general-management-and","https://studyindenmark.dk/portal/copenhagen-business-school-cbs/frederiksberg-campus/general-management-and-analytics-msc","","","","","2026-08-02"
"the-royal-academy-of-music-aarhus-aalborg:aarhus-departement:general-music-teacher-am","General Music Teacher (AM)","master","master","Royal Academy of Music Aarhus/Aalborg","Aarhus Departement","","2 years","design-architecture-arts | education-learning","The General Music Teacher (AM) programme is the broadest music teacher education offered at the Academy. Right from the start, the programme focuses on developing both teaching skills and the students main instrument performance skills.…","https://musikkons.dk/en/programmes/jazz-pop/am-general-music-teacher/","https://studyindenmark.dk/portal/the-royal-academy-of-music-aarhus-aalborg/aarhus-departement/general-music-teacher-am","","","","","2026-08-02"
"university-of-copenhagen-ucph:north-campus:geography-and-geoinformatics","Geography and Geoinformatics","master","master","University of Copenhagen (UCPH)","North Campus","","2 years","other","Description An MSc in Geography and Geoinformatics gives you the opportunity to focus your efforts within a specialised field of geography.…","https://www.ku.dk/studies/masters/geography-and-geoinformatics","https://studyindenmark.dk/portal/university-of-copenhagen-ucph/north-campus/geography-and-geoinformatics","","","","","2026-08-02"
"aalborg-university-aau:aalborg:geography-msc","Geography, MSc","master","master","Aalborg University (AAU)","Aalborg","","2 years","it-data | design-architecture-arts","Description Geography at Aalborg University is aimed at analyzing the spatial extent of natural resources and the processes that shape and change the landscape.…","http://www.en.aau.dk/education/master/geography","https://studyindenmark.dk/portal/aalborg-university-aau/aalborg/geography-msc","","","","","2026-08-02"
"aarhus-university-au:aarhus:geology","Geology","master","master","Aarhus University (AU)","Aarhus","","2 years","natural-science","The MSc in Geology at Aarhus University is a flexible, research-centred programme that encourages students to explore their own interests both in the lab and in the field.…","https://masters.au.dk/geology","https://studyindenmark.dk/portal/aarhus-university-au/aarhus/geology","","","","","2026-08-02"
"university-of-copenhagen-ucph:north-campus:geology-geoscience","Geology-Geoscience","master","master","University of Copenhagen (UCPH)","North Campus","","2 years","natural-science","Description Geology is the science of the origins, composition and evolution of the Earth over 5 billion years, and the processes that change the Earth and form the foundation for our existence As a graduate student in geology and…","https://www.ku.dk/studies/masters/geology-geoscience","https://studyindenmark.dk/portal/university-of-copenhagen-ucph/north-campus/geology-geoscience","","","","","2026-08-02"
"aarhus-university-au:aarhus:geophysics","Geophysics","master","master","Aarhus University (AU)","Aarhus","","2 years","education-learning","education combines classic research with practical experiments and allows the students to choose their own specific focus area. Students work with geophysical methods and measurements and geological observations.…","https://masters.au.dk/geophysics","https://studyindenmark.dk/portal/aarhus-university-au/aarhus/geophysics","","","","","2026-08-02"
"roskilde-university-ruc:roskilde:global-and-development-studies","Global and Development Studies","master","master","Roskilde University (RUC)","Roskilde","","2 years","natural-science | society-politics | law","The programme is open for admission for students with a legal right of admission only The master's programme Global and Development Studies is a pluralistic, social science programme with elements from e.g.…","https://ruc.dk/en/master/global-and-development-studies","https://studyindenmark.dk/portal/roskilde-university-ruc/roskilde/global-and-development-studies","","","","","2026-08-02"
"aalborg-university-aau:aalborg:global-china-studies-elective-study-profile-of","Global China Studies, Elective study profile of International Relations","master","master","Aalborg University (AAU)","Aalborg","","2 years","society-politics","Description Global China Studies is a profile of the Master of International Relations. Global China Studies will provide students with a complex understanding of the role China plays in today’s globalized world.…","https://www.en.aau.dk/education/master/international-relations#global-china-studies","https://studyindenmark.dk/portal/aalborg-university-aau/aalborg/global-china-studies-elective-study-profile-of","","","","","2026-08-02"
"university-of-copenhagen-ucph:city-campus:global-development","Global Development","master","master","University of Copenhagen (UCPH)","City Campus","","2 years","natural-science | sustainability-climate | society-politics","Description The MSc in Global Development is a research-based, cross-disciplinary Master of Science programme.Enrolled students will be part of an international and vibrant study environment at the campus for social sciences at the…","https://www.ku.dk/studies/masters/global-development","https://studyindenmark.dk/portal/university-of-copenhagen-ucph/city-campus/global-development","","","","","2026-08-02"
"aalborg-university-aau:aalborg:global-gender-studies-elective-study-profile-of","Global Gender Studies, Elective study profile of International Relations","master","master","Aalborg University (AAU)","Aalborg","","2 years","society-politics","Description Global Gender Studies is a profile of the Master of International Relations and will provide students with knowledge about and insight into the area of gender and global studies and will include discussions of specific cases and…","https://www.en.aau.dk/education/master/international-relations#global-gender-studies","https://studyindenmark.dk/portal/aalborg-university-aau/aalborg/global-gender-studies-elective-study-profile-of","","","","","2026-08-02"
"university-of-copenhagen-ucph:city-campus:global-health","Global Health","master","master","University of Copenhagen (UCPH)","City Campus","","2 years","health-life-science | natural-science | society-politics | education-learning","Description The MSc in Global Health is a research-based, cross-disciplinary Master of Science programme offered by the University of Copenhagen, as part of the research and educational activities organised by the Copenhagen School of…","https://www.ku.dk/studies/masters/global-health","https://studyindenmark.dk/portal/university-of-copenhagen-ucph/city-campus/global-health","","","","","2026-08-02"
"university-of-southern-denmark-sdu:odense:global-marketing-and-consumer-culture","Global Marketing and Consumer Culture","master","master","University of Southern Denmark (SDU)","Odense","","2 years","business-management | society-politics | humanities-culture","Description The MSc in Global Marketing and Consumer Culture enables students to understand the relationships between marketing and culture, as a foundation for adjusting to cultural differences and responding to contemporary challenges and…","https://www.sdu.dk/en/uddannelse/kandidat/candmercmarkgloculod","https://studyindenmark.dk/portal/university-of-southern-denmark-sdu/odense/global-marketing-and-consumer-culture","","","","","2026-08-02"
"royal-danish-academy-architecture-design-and:copenhagen:graphic-communication-design","Graphic Communication Design","master","master","Royal Danish Academy — Architecture, Design, Conservation","Copenhagen","","2 years","it-data | design-architecture-arts | society-politics | communication-media","Description The program provides a broad understanding of visual communication within analogue and digital media. It does this by preparing you to take a leading role in addressing and affecting changes in contemporary society by…","https://royaldanishacademy.com/programme/graphic-communication-design","https://studyindenmark.dk/portal/royal-danish-academy-architecture-design-and/copenhagen/graphic-communication-design","","","","","2026-08-02"
"via-university-college:campus-viborg:graphic-storytelling","Graphic Storytelling","bachelor","bachelor","VIA University College","Campus Viborg","240","4 years","it-data | design-architecture-arts | communication-media","Learn to tell visual stories! Graphic Storytelling will equip you with a versatile toolbox relevant to comics and graphic novels, illustration, storyboarding, preproduction for animation and games, and more.","https://animationworkshop.via.dk/programmes-and-courses/bachelor-programmes/graphic-storytelling","https://studyindenmark.dk/portal/via-university-college/campus-viborg/graphic-storytelling","","","","","2026-08-02"
"university-of-copenhagen-ucph:north-campus:human-biology","Human Biology","master","master","University of Copenhagen (UCPH)","North Campus","","2 years","natural-science","Description The MSc in Human Biology focuses on the study of the biological processes affecting human beings. The broad study of human biology combined with substantial research and experimentation work gives students a unique set of…","https://www.ku.dk/studies/masters/human-biology","https://studyindenmark.dk/portal/university-of-copenhagen-ucph/north-campus/human-biology","","","","","2026-08-02"
"university-of-copenhagen-ucph:frederiksberg-campus:human-nutrition","Human Nutrition","master","master","University of Copenhagen (UCPH)","Frederiksberg / Copenhagen","","2 years","health-life-science | society-politics","Description Diet plays a pivotal role in development of life style disease, such as obesity, type 2 diabetes and cardiovascular diseases.…","https://www.ku.dk/studies/masters/human-nutrition","https://studyindenmark.dk/portal/university-of-copenhagen-ucph/frederiksberg-campus/human-nutrition","","","","","2026-08-02"
"university-of-southern-denmark-sdu:odense:human-resource-management","Human Resource Management","master","master","University of Southern Denmark (SDU)","Odense","","2 years","business-management | society-politics","Description two-year MSc in Human Resource Management prepares students for managing the people side of organisations. In today’s knowledge intensive society, employees are what constitute the competitive advantage in many organisations –…","https://www.sdu.dk/en/uddannelse/kandidat/candmerchumanresmanod","https://studyindenmark.dk/portal/university-of-southern-denmark-sdu/odense/human-resource-management","","","","","2026-08-02"
"aarhus-university-au:aarhus:human-security","Human Security","master","master","Aarhus University (AU)","Aarhus","","2 years","society-politics","Human Security is a unique interdisciplinary Master’s programme and the first of its kind in Europe. Over your two years of study, you will learn several approaches to human security, and you will achieve a deep understanding of conflicts…","https://masters.au.dk/humansecurity","https://studyindenmark.dk/portal/aarhus-university-au/aarhus/human-security","","","","","2026-08-02"
"university-of-copenhagen-ucph:north-campus:immunology-and-inflammation","Immunology and Inflammation","master","master","University of Copenhagen (UCPH)","North Campus","","2 years","health-life-science | natural-science","Description The MSc in Immunology and Inflammation is a theoretical and experimental Master's programme within the natural and health sciences.…","https://www.ku.dk/studies/masters/immunology-and-inflammation","https://studyindenmark.dk/portal/university-of-copenhagen-ucph/north-campus/immunology-and-inflammation","","","","","2026-08-02"
"aalborg-university-aau:aalborg:indoor-environmental-and-energy-engineering-msc-in","Indoor Environmental and Energy Engineering, MSc in Engineering","master","master","Aalborg University (AAU)","Aalborg","","2 years","engineering-technology | natural-science | sustainability-climate","Description An engineer specialising in Indoor Environmental and Energy Engineering is responsible for creating an ideal environment for work as well as leisure: that is, an environment that considers the need for well-being and comfort of…","https://www.en.aau.dk/education/master/indoor-environmental-and-energy-engineering","https://studyindenmark.dk/portal/aalborg-university-aau/aalborg/indoor-environmental-and-energy-engineering-msc-in","","","","","2026-08-02"
"aalborg-university-aau:aalborg:industrial-design-msc-in-engineering","Industrial Design, MSc in Engineering","master","master","Aalborg University (AAU)","Aalborg","","2 year","business-management | engineering-technology | design-architecture-arts","Get a Master’s in Industrial Design at AAU. Gain knowledge, skills and competences to execute product design in a strategic and business context.","https://www.en.aau.dk/education/master/industrial-design/","https://studyindenmark.dk/portal/aalborg-university-aau/aalborg/industrial-design-msc-in-engineering","","","","","2026-08-02"
"aalborg-university-aau:copenhagen:information-studies-msc-in-information-science","Information Studies, MSc in Information Science","master","master","Aalborg University (AAU)","Copenhagen","","2 years","design-architecture-arts | natural-science | society-politics","Description The Master’s program in Information Studies at Aalborg University focuses on the design, development, and evaluation of IT systems with a particular emphasis on the relations and interactions between people and IT systems.…","https://www.en.aau.dk/education/master/information-studies","https://studyindenmark.dk/portal/aalborg-university-aau/copenhagen/information-studies-msc-in-information-science","","","","","2026-08-02"
"university-of-southern-denmark-sdu:odense:innovation-and-business-development","Innovation and Business Development","master","master","University of Southern Denmark (SDU)","Odense","","2 years","business-management | society-politics","Career Opportunities The courses offer a unique combination of theory and practice to ensure a solid theoretical basis and tools readily employable in your first job.…","http://www.sdu.dk/en/Uddannelse/Kandidat/CandMercMgmtInnProOd","https://studyindenmark.dk/portal/university-of-southern-denmark-sdu/odense/innovation-and-business-development","","","","","2026-08-02"
"aalborg-university-aau:sino-danish-center-beijing-china:innovation-management-specialisation-of-economics","Innovation Management, Specialisation of Economics and Business Administration","master","master","Aalborg University (AAU)","Sino Danish Center Beijing China","","2 years","business-management | society-politics","Description Innovation Management gives you knowledge and skills in innovation at community and company level. As a graduate you will be able to plan and execute development projects in both private and public organizations.…","https://www.en.aau.dk/education/master/economics-and-business-administration/innovation-management","https://studyindenmark.dk/portal/aalborg-university-aau/sino-danish-center-beijing-china/innovation-management-specialisation-of-economics","","","","","2026-08-02"
"the-royal-academy-of-music-aarhus-aalborg:aalborg-departement:innovative-choir-leading","Innovative Choir Leading","master","master","Royal Academy of Music Aarhus/Aalborg","Aalborg Departement","","2 years","other","The Innovative Choir Leading programme is focusing on contemporary forms of expression and methodology, and on developing the student’s personal and professional competences as a choir leader in regard to styles such as pop, rock, jazz,…","https://musikkons.dk/en/programmes/jazz-pop/innovative-choir-leading/innovative-choir-leading-ma/","https://studyindenmark.dk/portal/the-royal-academy-of-music-aarhus-aalborg/aalborg-departement/innovative-choir-leading","","","","","2026-08-02"
"the-royal-danish-academy-of-music:study-programmes-within-music-and-music-pedagogy:instrumental-voice-bachelor","Instrumental/Voice - Bachelor","bachelor","bachelor","Royal Danish Academy of Music","Study Programmes Within Music And Music Pedagogy","","3 years","design-architecture-arts","Description The Royal Danish Academy of Music (RDAM) offers three-year Bachelor's programmes (BMus). Find RDAM's study programmes for singers and instrumentalists here .…","http://english.dkdm.dk/Studies/Admission","https://studyindenmark.dk/portal/the-royal-danish-academy-of-music/study-programmes-within-music-and-music-pedagogy/instrumental-voice-bachelor","","","","","2026-08-02"
"the-royal-danish-academy-of-music:study-programmes-within-music-and-music-pedagogy:instrumental-voice-master","Instrumental/Voice - Master","master","master","Royal Danish Academy of Music","Study Programmes Within Music And Music Pedagogy","","2 years","design-architecture-arts","Description The Royal Danish Academy of Music (RDAM) offers two-year Master's programmes (MMus) in which the students specialise in a particular field or instrument. Find RDAM's study programmes for singers and instrumentalists here .…","http://english.dkdm.dk/Studies/Admission","https://studyindenmark.dk/portal/the-royal-danish-academy-of-music/study-programmes-within-music-and-music-pedagogy/instrumental-voice-master","","","","","2026-08-02"
"university-of-copenhagen-ucph:north-campus:integrated-food-studies","Integrated Food Studies","master","master","University of Copenhagen (UCPH)","North Campus","","2 years","health-life-science | society-politics","Description The master's programme in Integrated Food Studies will give you the possibility to study food and its many meanings in society.…","https://www.ku.dk/studies/masters/integrated-food-studies","https://studyindenmark.dk/portal/university-of-copenhagen-ucph/north-campus/integrated-food-studies","","","","","2026-08-02"
"university-of-southern-denmark-sdu:vejle:interactive-technology-engineering-bsc","Interactive Technology Engineering (BSc)","bachelor","bachelor","University of Southern Denmark (SDU)","Vejle","","3 years","it-data | engineering-technology | design-architecture-arts","Technology with the Human in Focus Interactive Technology Engineering is a bachelor’s programme that combines software engineering fundamentals with hands-on experience in designing digital products and interactive systems.…","https://direc.to/nvck","https://studyindenmark.dk/portal/university-of-southern-denmark-sdu/vejle/interactive-technology-engineering-bsc","","","","","2026-08-02"
"aarhus-university-au:aarhus:intercultural-studies","Intercultural Studies","master","master","Aarhus University (AU)","Aarhus","","2 years","business-management | humanities-culture","Cultural and language differences shape the everyday life of individuals and organisations in our increasingly interdependent and transnational world.…","https://masters.au.dk/interculturalstudies","https://studyindenmark.dk/portal/aarhus-university-au/aarhus/intercultural-studies","","","","","2026-08-02"
"roskilde-university-ruc:roskilde:international-bachelor-in-natural-sciences","International Bachelor in Natural Sciences","bachelor","bachelor","Roskilde University (RUC)","Roskilde","","3 years","engineering-technology | health-life-science | natural-science | sustainability-climate | society-politics","Discover new knowledge across scientific disciplines and contribute to finding future solutions in areas such as the environment, health, medicine, and technology.","https://ruc.dk/en/international-bachelor-natural-sciences-int","https://studyindenmark.dk/portal/roskilde-university-ruc/roskilde/international-bachelor-in-natural-sciences","","","","","2026-08-02"
"roskilde-university-ruc:roskilde:international-bachelor-in-social-sciences","International Bachelor in Social Sciences","bachelor","bachelor","Roskilde University (RUC)","Roskilde","180","3 years","natural-science | society-politics","The International Bachelor in Social Sciences offers you an international and interdisciplinary perspective on social sciences and specialisation in one or two bachelor subjects.","https://ruc.dk/en/bachelor/international-bachelor-social-sciences-int","https://studyindenmark.dk/portal/roskilde-university-ruc/roskilde/international-bachelor-in-social-sciences","","","","","2026-08-02"
"copenhagen-business-school-cbs:frederiksberg-campus:international-business-bsc","International Business (BSc)","bachelor","bachelor","Copenhagen Business School (CBS)","Frederiksberg / Copenhagen","","3 years","business-management | society-politics","Description BSc in International Business gives you a broad understanding of business economics and strategy in a global context. You learn how companies analyse and adapt to the complex opportunities and risks inherent when an organisation…","https://www.cbs.dk/en/study-programmes/bachelor-programmes/bsc-international-business","https://studyindenmark.dk/portal/copenhagen-business-school-cbs/frederiksberg-campus/international-business-bsc","","","","","2026-08-02"
"university-of-southern-denmark-sdu:odense:international-business-and-management","International Business and Management","master","master","University of Southern Denmark (SDU)","Odense","","2 years","business-management | society-politics","Description This programme provides you with an essential understanding of key areas such as international business strategy and managing people and organisations, giving you knowledge about advanced organizational theory and international…","http://www.sdu.dk/en/Uddannelse/Kandidat/CandMercIntBusMgmtOd","https://studyindenmark.dk/portal/university-of-southern-denmark-sdu/odense/international-business-and-management","","","","","2026-08-02"
"university-of-southern-denmark-sdu:odense:international-business-and-marketing","International Business and Marketing","master","master","University of Southern Denmark (SDU)","Odense","","2 years","business-management | society-politics","Description This programme provides you with an essential understanding of key areas such as international business strategy, globalisation and international marketing.…","http://www.sdu.dk/en/Uddannelse/Kandidat/CandMercIntBusMarkOd","https://studyindenmark.dk/portal/university-of-southern-denmark-sdu/odense/international-business-and-marketing","","","","","2026-08-02"
"copenhagen-business-school-cbs:frederiksberg-campus:international-business-and-politics-bsc","International Business and Politics (BSc)","bachelor","bachelor","Copenhagen Business School (CBS)","Frederiksberg / Copenhagen","","3 years","business-management | society-politics","Description BSc in International Business and Politics teaches you how economic and political forces shape a globalising world — and how companies adjust their business strategies and working methods to meet political challenges.…","https://www.cbs.dk/en/study-programmes/bachelor-programmes/bsc-international-business-and-politics","https://studyindenmark.dk/portal/copenhagen-business-school-cbs/frederiksberg-campus/international-business-and-politics-bsc","","","","","2026-08-02"
"copenhagen-business-school-cbs:frederiksberg-campus:international-business-and-politics-msc","International Business and Politics (MSc)","master","master","Copenhagen Business School (CBS)","Frederiksberg / Copenhagen","","2 years","business-management | society-politics | law","Description By understanding the international, political, economic and to some extend legal dynamics that shape the world we live in, you are able to critically analyse and understand political and business dynamics and how they influence…","https://www.cbs.dk/en/study-programmes/master-programmes/msc-international-business-and-politics","https://studyindenmark.dk/portal/copenhagen-business-school-cbs/frederiksberg-campus/international-business-and-politics-msc","","","","","2026-08-02"
"aalborg-university-aau:aalborg:international-business-specialisation-of-economics","International Business, Specialisation of Economics and Business Administration","master","master","Aalborg University (AAU)","Aalborg","","2 years","business-management | society-politics","Description The MSc programme in International Business at Aalborg University Business School (AAUBS) is a generalist MSc degree, preparing students to work in international business and management.…","https://www.en.aau.dk/education/master/economics-and-business-administration/international-business","https://studyindenmark.dk/portal/aalborg-university-aau/aalborg/international-business-specialisation-of-economics","","","","","2026-08-02"
"roskilde-university-ruc:roskilde:international-politics-and-governance","International Politics and Governance","master","master","Roskilde University (RUC)","Roskilde","","2 years","society-politics | law","The programme is open for admission for students with a legal right of admission only International Politics and Governance explores how significant parts of today's politics influence are created and implemented through systems by public,…","https://ruc.dk/en/master/international-politics-and-governance","https://studyindenmark.dk/portal/roskilde-university-ruc/roskilde/international-politics-and-governance","","","","","2026-08-02"
"aalborg-university-aau:aalborg:international-relations-msc-in-social-sciences","International Relations, MSc in Social Sciences","master","master","Aalborg University (AAU)","Aalborg","","2 years","it-data | natural-science | society-politics","Description The Master´s programme in International Relations aims at providing an interdisciplinary and critical insight in studies of development and international relations from a social sciences' perspective.…","https://www.en.aau.dk/education/master/international-relations","https://studyindenmark.dk/portal/aalborg-university-aau/aalborg/international-relations-msc-in-social-sciences","","","","","2026-08-02"
"university-of-southern-denmark-sdu:odense:international-security-and-law","International Security and Law","master","master","University of Southern Denmark (SDU)","Odense","","2 years","business-management | natural-science | society-politics | law","Description Rooted in political science and law, this programme enables the student to work in both public and private organisations that engage in areas of conflict and which for this reason need to assess the dynamics of the conflict,…","http://www.sdu.dk/en/Uddannelse/Kandidat/SecurityLaw","https://studyindenmark.dk/portal/university-of-southern-denmark-sdu/odense/international-security-and-law","","","","","2026-08-02"
"copenhagen-business-school-cbs:frederiksberg-campus:international-shipping-and-trade-bsc","International Shipping and Trade (BSc)","bachelor","bachelor","Copenhagen Business School (CBS)","Frederiksberg / Copenhagen","","3 years","society-politics","Description BSc Shipping provides you with an understanding of the context and strategies of the global shipping industry and prepares you for efficiently planning and managing shipping operations.…","https://www.cbs.dk/en/study-programmes/bachelor-programmes/bsc-international-shipping-and-trade","https://studyindenmark.dk/portal/copenhagen-business-school-cbs/frederiksberg-campus/international-shipping-and-trade-bsc","","","","","2026-08-02"
"university-of-southern-denmark-sdu:kolding:it-product-design","IT - Product Design","master","master","University of Southern Denmark (SDU)","Kolding","","2 years","business-management | design-architecture-arts","Description This master programme educates designers who can work in multidisciplinary teams that develop interactive IT products and services for private and public organisations.…","http://www.sdu.dk/en/uddannelse/kandidat/it_produktudvikling","https://studyindenmark.dk/portal/university-of-southern-denmark-sdu/kolding/it-product-design","","","","","2026-08-02"
"university-of-copenhagen-ucph:south-campus:it-and-cognition","IT and Cognition","master","master","University of Copenhagen (UCPH)","South Campus","","2 years","humanities-culture","Description Do you wish to excel in developing advanced cognitive technologies? And use knowledge of language and human cognition, and identify new interesting applications of cognitive models?…","https://www.ku.dk/studies/masters/it-and-cognition","https://studyindenmark.dk/portal/university-of-copenhagen-ucph/south-campus/it-and-cognition","","","","","2026-08-02"
"aarhus-university-au:aarhus:it-product-development","IT Product Development","master","master","Aarhus University (AU)","Aarhus","","2 years","it-data | engineering-technology | natural-science | society-politics","COMBINING DISCIPLINES The MSc in IT Product Development at Aarhus University’s Department of Computer Science is offered in collaboration with the Department of Engineering.…","https://masters.au.dk/itproductdevelopment","https://studyindenmark.dk/portal/aarhus-university-au/aarhus/it-product-development","","","","","2026-08-02"
"danish-national-academy-of-music:odense:jazz-pop","Jazz/pop","master","master","Danish National Academy of Music","Odense","","2 years","it-data | design-architecture-arts | education-learning","The master’s programme aims to give you specialised knowledge, skills and competences to work as a musician at the highest level. In addition to its focus on main instrument teaching and ensemble playing, the master’s programme also…","https://www.sdmk.dk/en/studies/study-programmes/jazz/pop","https://studyindenmark.dk/portal/danish-national-academy-of-music/odense/jazz-pop","","","","","2026-08-02"
"the-royal-academy-of-music-aarhus-aalborg:aarhus-departement:jazz-pop-drum-and-dance-aarhus","Jazz/Pop Drum and Dance (Aarhus)","bachelor","bachelor","Royal Academy of Music Aarhus/Aalborg","Aarhus Departement","","3 years","design-architecture-arts","The Academy's jazz/pop programmes are very diverse, and we celebrate and use this diversity. Tuition is offered in all common instruments in jazz/pop music.…","https://musikkons.dk/en/programmes/jazz-pop/rmb-jazz-pop-drum-dance-aarhus/","https://studyindenmark.dk/portal/the-royal-academy-of-music-aarhus-aalborg/aarhus-departement/jazz-pop-drum-and-dance-aarhus","","","","","2026-08-02"
"the-royal-academy-of-music-aarhus-aalborg:aalborg-departement:jazz-pop-music-aalborg","Jazz/Pop Music (Aalborg)","master","master","Royal Academy of Music Aarhus/Aalborg","Aalborg Departement","","2 years","design-architecture-arts","The Academy's jazz/pop programmes are very diverse. Knowledge of historical roots and performance traditions will be a natural part of many contexts and subjects, but always as a precondition for giving the student the ability to…","https://musikkons.dk/en/programmes/jazz-pop/jazz-pop-music-aalborg/","https://studyindenmark.dk/portal/the-royal-academy-of-music-aarhus-aalborg/aalborg-departement/jazz-pop-music-aalborg","","","","","2026-08-02"
"the-royal-academy-of-music-aarhus-aalborg:aarhus-departement:jazz-pop-musician-music-teacher-aarhus","Jazz/Pop Musician/Music Teacher (Aarhus)","master","master","Royal Academy of Music Aarhus/Aalborg","Aarhus Departement","","2 years","design-architecture-arts | education-learning","The Academy's jazz/pop programmes are very diverse. Knowledge of historical roots and performance traditions will be a natural part of many contexts and subjects, but always as a precondition for giving the student the ability to…","https://musikkons.dk/en/programmes/jazz-pop/rm-jazz-pop-musician-aarhus/","https://studyindenmark.dk/portal/the-royal-academy-of-music-aarhus-aalborg/aarhus-departement/jazz-pop-musician-music-teacher-aarhus","","","","","2026-08-02"
"aarhus-university-au:aarhus:journalism-media-and-globalisation-erasmus-mundus","Journalism, Media and Globalisation (Erasmus Mundus)","master","master","Aarhus University (AU)","Aarhus","","2 years","society-politics | communication-media | education-learning","The Erasmus Mundus Master’s in Journalism, Media and Globalisation offers a unique 360° educational experience. Students on the programme study and live in at least two European countries, interact with classmates from all around the world…","https://mundusjournalism.com/","https://studyindenmark.dk/portal/aarhus-university-au/aarhus/journalism-media-and-globalisation-erasmus-mundus","","","","","2026-08-02"
"university-of-copenhagen-ucph:frederiksberg-campus:landscape-architecture","Landscape Architecture","master","master","University of Copenhagen (UCPH)","Frederiksberg / Copenhagen","","2 years","design-architecture-arts | natural-science | sustainability-climate","Description As an MSc in Landscape Architecture and urban design, you shape the future urban environments and housing areas, parks and landscapes, so that they provide excellent human and natural settings for many years to come.…","https://www.ku.dk/studies/masters/landscape-architecture","https://studyindenmark.dk/portal/university-of-copenhagen-ucph/frederiksberg-campus/landscape-architecture","","","","","2026-08-02"
"aalborg-university-aau:aalborg:language-and-international-studies-english","Language and International Studies, English","bachelor","bachelor","Aalborg University (AAU)","Aalborg","","3 years","society-politics | humanities-culture","Description The Bachelor's programme in Language and International Studies, English combines international politics with culture and language.…","http://www.en.aau.dk/education/bachelor/language-international-studies","https://studyindenmark.dk/portal/aalborg-university-aau/aalborg/language-and-international-studies-english","","","","","2026-08-02"
"aalborg-university-aau:copenhagen:lighting-design-msc","Lighting Design, MSc","master","master","Aalborg University (AAU)","Copenhagen","","2 years","engineering-technology | design-architecture-arts | communication-media","Get a Master’s in Lighting Design at AAU. Learn about natural light, illumination, artificial light or electric light at the intersection ofbetween three scientific fields: architecture, media technology and engineering.…","https://www.en.aau.dk/education/master/lighting-design","https://studyindenmark.dk/portal/aalborg-university-aau/copenhagen/lighting-design-msc","","","","","2026-08-02"
"aarhus-university-au:aarhus:linguistics","Linguistics","master","master","Aarhus University (AU)","Aarhus","","2 years","humanities-culture","The MA in Linguistics at Aarhus University explores the various aspects of language through project-based research under expert supervision.…","https://masters.au.dk/linguistics","https://studyindenmark.dk/portal/aarhus-university-au/aarhus/linguistics","","","","","2026-08-02"
"university-of-southern-denmark-sdu:odense:management-accounting","Management Accounting","master","master","University of Southern Denmark (SDU)","Odense","","2 years","business-management | society-politics","Description Through the assessment of both financial and non-financial information, students will learn how to make strategic decisions regarding preparation, development and usage of economic and other control systems used in all types of…","http://www.sdu.dk/en/Uddannelse/Kandidat/CandMercMgmtAccOd","https://studyindenmark.dk/portal/university-of-southern-denmark-sdu/odense/management-accounting","","","","","2026-08-02"
"aalborg-university-aau:aalborg:management-engineering","Management Engineering","master","master","Aalborg University (AAU)","Aalborg","","2 years","business-management | engineering-technology | design-architecture-arts","Description The Master’s programme in Management Engineering is designed for those interested in working with management systems, value chain, and supply chain management.…","https://www.en.aau.dk/education/master/management-engineering","https://studyindenmark.dk/portal/aalborg-university-aau/aalborg/management-engineering","","","","","2026-08-02"
"copenhagen-business-school-cbs:frederiksberg-campus:management-of-innovation-and-business-development","Management of Innovation and Business Development (MSc)","master","master","Copenhagen Business School (CBS)","Frederiksberg / Copenhagen","","2 years","business-management | society-politics","Description The MSc in Management of Innovation and Business Development focuses on innovation from different perspectives including strategy, project management, entrepreneurship, management control and finance.…","https://www.cbs.dk/en/study-programmes/master-programmes/msc-economics-and-business-administration-management-innovation","https://studyindenmark.dk/portal/copenhagen-business-school-cbs/frederiksberg-campus/management-of-innovation-and-business-development","","","","","2026-08-02"
"aalborg-university-aau:aalborg:manufacturing-technology-specialisation-of","Manufacturing Technology, Specialisation of Mechanical Engineering","master","master","Aalborg University (AAU)","Aalborg","","2 years","engineering-technology | design-architecture-arts","Description Do you enjoy working with mechanics and technology? Do you want to design, develop and realise new products and production systems? And would you like to participate in the strengthening of a company’s competitiveness?…","https://www.en.aau.dk/education/master/mechanical-engineering/manufacturing-technology","https://studyindenmark.dk/portal/aalborg-university-aau/aalborg/manufacturing-technology-specialisation-of","","","","","2026-08-02"
"university-of-southern-denmark-sdu:odense:market-and-management-anthropology","Market and Management Anthropology","bachelor","bachelor","University of Southern Denmark (SDU)","Odense","","3 years","business-management | society-politics","Description The BSc in Market and Management Anthropology provides a combination of competences, which mirror the complex issues faced by corporations and their increasing needs for global cultural-economic insight.…","https://www.sdu.dk/en/uddannelse/bachelor/market_management_anthropology","https://studyindenmark.dk/portal/university-of-southern-denmark-sdu/odense/market-and-management-anthropology","","","","","2026-08-02"
"aalborg-university-aau:aalborg:marketing-and-sales-specialisation-of-economics","Marketing and Sales, Specialisation of Economics and Business Administration","master","master","Aalborg University (AAU)","Aalborg","","2 years","business-management","Description The MSc programme in Marketing and Sales at Aalborg University Business School (AAUBS) prepares students for a career within sales and marketing either as sales and marketing managers or in specialist roles within sales,…","https://www.en.aau.dk/education/master/economics-and-business-administration/marketing-and-sales","https://studyindenmark.dk/portal/aalborg-university-aau/aalborg/marketing-and-sales-specialisation-of-economics","","","","","2026-08-02"
"university-of-southern-denmark-sdu:esbjerg:marketing-social-media-and-digitalization","Marketing Social Media, and Digitalization","master","master","University of Southern Denmark (SDU)","Esbjerg","","2 years","business-management | it-data | society-politics | communication-media","About the programme Do you want to create the future marketing of brands in diverse industries? This program offered at Campus Esbjerg gives you the demanded competences that enable you to become such a leading marketing manager with focus…","https://www.sdu.dk/en/uddannelse/kandidat/candmercmarketingandsome","https://studyindenmark.dk/portal/university-of-southern-denmark-sdu/esbjerg/marketing-social-media-and-digitalization","","","","","2026-08-02"
"aalborg-university-aau:aalborg:materials-technology-specialisation-of-materials","Materials Technology, Specialisation of Materials and Nanotechnology","master","master","Aalborg University (AAU)","Aalborg","","2 years","engineering-technology | society-politics","Description In our high-tech society there is a great need for advanced knowledge about materials, because the materials often determine a product’s quality, durability, functionality etc.…","https://www.en.aau.dk/education/master/materials-nanotechnology/specialisations/materials-technology/","https://studyindenmark.dk/portal/aalborg-university-aau/aalborg/materials-technology-specialisation-of-materials","","","","","2026-08-02"
"roskilde-university-ruc:roskilde:mathematical-bioscience","Mathematical Bioscience","master","master","Roskilde University (RUC)","Roskilde","","2 years","it-data | natural-science | law","The programme is open for admission for students with a legal right of admission only The programme is intended to give you the necessary biological and mathematical competencies to analyse and represent data, as well as the ability to…","https://ruc.dk/en/master/mathematical-bioscience","https://studyindenmark.dk/portal/roskilde-university-ruc/roskilde/mathematical-bioscience","","","","","2026-08-02"
"university-of-southern-denmark-sdu:odense:mathematics","Mathematics","master","master","University of Southern Denmark (SDU)","Odense","","2 years","natural-science","Description The Mathematics programme develops your knowledge of scientific theories and methods, your experience in working independently with scientific questions and your ability to express yourself clearly on academic issues.…","https://www.sdu.dk/en/Uddannelse/Kandidat/Matematik","https://studyindenmark.dk/portal/university-of-southern-denmark-sdu/odense/mathematics","","","","","2026-08-02"
"university-of-copenhagen-ucph:north-campus:mathematics","Mathematics","master","master","University of Copenhagen (UCPH)","North Campus","","2 years","design-architecture-arts | natural-science","Description Mathematics is the science of structures in a broad sense. They may be numerical structures, spatial structures, colour structures, musical structures, logical structures or a thousand other things.…","https://www.ku.dk/studies/masters/mathematics","https://studyindenmark.dk/portal/university-of-copenhagen-ucph/north-campus/mathematics","","","","","2026-08-02"
"aarhus-university-au:aarhus:mathematics","Mathematics","master","master","Aarhus University (AU)","Aarhus","","2 years","natural-science","Mathematics is a part of day-to-day life – of using your debit card and navigating by GPS, just as much as making calculations in physics or chemistry or working out the pot odds in an important hand of poker.…","https://masters.au.dk/mathematics","https://studyindenmark.dk/portal/aarhus-university-au/aarhus/mathematics","","","","","2026-08-02"
"university-of-copenhagen-ucph:north-campus:mathematics-economics","Mathematics - Economics","master","master","University of Copenhagen (UCPH)","North Campus","","2 years","business-management | natural-science","Description As a graduate student in Mathematics-Economics, you will work with economic modelling and its deeper foundation in advanced mathematics and statistics .…","https://www.ku.dk/studies/masters/mathematics-economics","https://studyindenmark.dk/portal/university-of-copenhagen-ucph/north-campus/mathematics-economics","","","","","2026-08-02"
"aarhus-university-au:aarhus:mathematics-economics","Mathematics - Economics","master","master","Aarhus University (AU)","Aarhus","","2 years","business-management | natural-science","Have you thought about how rates for a new mortgage loan should be fixed – with an interest-rate ceiling or as interest-only loans? In fact, it was mathematics–economics graduates who developed the model used for fixing the cost of such…","https://masters.au.dk/mathematicseconomics","https://studyindenmark.dk/portal/aarhus-university-au/aarhus/mathematics-economics","","","","","2026-08-02"
"aarhus-university-au:aarhus:mechanical-engineering","Mechanical Engineering","master","master","Aarhus University (AU)","Aarhus","","2 years","it-data | engineering-technology | design-architecture-arts | health-life-science","How do you design the blades of a wind turbine? How do you calculate the lifetime of a welded construction? How do you develop robots to use in healthcare? How do you build a rocket engine? How do you design future energy systems?…","https://masters.au.dk/mechanicalengineering","https://studyindenmark.dk/portal/aarhus-university-au/aarhus/mechanical-engineering","","","","","2026-08-02"
"university-of-southern-denmark-sdu:sonderborg:mechanical-engineering-beng","Mechanical Engineering (BEng)","bachelor","bachelor","University of Southern Denmark (SDU)","Sønderborg","","3,5 years","engineering-technology | design-architecture-arts | sustainability-climate | society-politics","Mechanical engineers hold the key to society’s progress. Are you one of them? Do you dream of making a sustainable difference through the design and development of tomorrow's industrial products?…","https://direc.to/iKGN","https://studyindenmark.dk/portal/university-of-southern-denmark-sdu/sonderborg/mechanical-engineering-beng","","","","","2026-08-02"
"university-of-southern-denmark-sdu:sonderborg:mechanical-engineering-bsc","Mechanical Engineering (BSc)","bachelor","bachelor","University of Southern Denmark (SDU)","Sønderborg","","3","it-data | engineering-technology | sustainability-climate","As a mechanical engineer, you can make the impossible possible. What will you invent? Do you dream of constructing a greener future with sustainable products or new digital solutions?…","https://direc.to/iJ3_","https://studyindenmark.dk/portal/university-of-southern-denmark-sdu/sonderborg/mechanical-engineering-bsc","","","","","2026-08-02"
"university-of-southern-denmark-sdu:sonderborg:mechanical-engineering-msc","Mechanical Engineering (MSc)","master","master","University of Southern Denmark (SDU)","Sønderborg","","2 years","engineering-technology | design-architecture-arts | sustainability-climate","Become an expert in analysing and designing mechanical structures Innovative solutions require skilled engineers to ensure the products are safe, efficient, and sustainable.…","https://direc.to/jKJy","https://studyindenmark.dk/portal/university-of-southern-denmark-sdu/sonderborg/mechanical-engineering-msc","","","","","2026-08-02"
"aalborg-university-aau:aalborg:mechatronic-control-engineering-specialisation-of","Mechatronic Control Engineering, Specialisation of Energy Engineering","master","master","Aalborg University (AAU)","Aalborg","","2 years","it-data | engineering-technology | design-architecture-arts","Description The Mechatronic Control Engineering MSc specialisation covers the fundamental scientific principles and technologies used in the design of modern computer-controlled machines and processes, and it puts special focus on the…","https://www.en.aau.dk/education/master/energy-engineering/mechatronic-control-engineering","https://studyindenmark.dk/portal/aalborg-university-aau/aalborg/mechatronic-control-engineering-specialisation-of","","","","","2026-08-02"
"university-of-southern-denmark-sdu:sonderborg:mechatronics-beng","Mechatronics (BEng)","bachelor","bachelor","University of Southern Denmark (SDU)","Sønderborg","","3.5 years","engineering-technology","Engineers in mechatronics make our world smarter – are you one of them? As an Engineer in Mechatronics, you can create user-friendly and intelligent products that combine mechanics, electronics and embedded systems.…","https://direc.to/iKEB","https://studyindenmark.dk/portal/university-of-southern-denmark-sdu/sonderborg/mechatronics-beng","","","","","2026-08-02"
"university-of-southern-denmark-sdu:sonderborg:mechatronics-bsc","Mechatronics (BSc)","bachelor","bachelor","University of Southern Denmark (SDU)","Sønderborg","","3 years","it-data | engineering-technology","Understand the relationship between mechanics, electronics, and embedded software Do you want to develop high-tech products? Then a degree in Mechatronics might be something for you.Smartphones, cars, and digital cameras are products that…","https://direc.to/iJ3M","https://studyindenmark.dk/portal/university-of-southern-denmark-sdu/sonderborg/mechatronics-bsc","","","","","2026-08-02"
"university-of-southern-denmark-sdu:sonderborg:mechatronics-engineering-msc","Mechatronics Engineering (MSc)","master","master","University of Southern Denmark (SDU)","Sønderborg","","2 years","it-data | engineering-technology","Create innovative technological solutions to everyday challenges The combination of mechanics, electronics and software is used in everything from robots to refrigerators.…","https://direc.to/iJM1","https://studyindenmark.dk/portal/university-of-southern-denmark-sdu/sonderborg/mechatronics-engineering-msc","","","","","2026-08-02"
"roskilde-university-ruc:roskilde:media-and-communication","Media and Communication","master","master","Roskilde University (RUC)","Roskilde","","2 years","society-politics | communication-media","The programme provides you with the practical, methodological and theoretical prerequisites to independently, and in collaboration with other specialists, develop, plan, implement and assess international, intercultural and global…","https://ruc.dk/en/master/media-and-communication","https://studyindenmark.dk/portal/roskilde-university-ruc/roskilde/media-and-communication","","","","","2026-08-02"
"aalborg-university-aau:aalborg-copenhagen:medialogy-msc","Medialogy, MSc","master","master","Aalborg University (AAU)","Aalborg Copenhagen","","2 years","it-data | engineering-technology | natural-science | communication-media","Description The MSc programme in Medialogy at Aalborg University focuses on the science and technology behind advanced interactive digital media products, and the interaction between humans and machines.…","https://www.en.aau.dk/education/master/medialogy-aal","https://studyindenmark.dk/portal/aalborg-university-aau/aalborg-copenhagen/medialogy-msc","","","","","2026-08-02"
"aalborg-university-aau:aalborg:medical-biotechnology-specialisation-of","Medical Biotechnology, Specialisation of Biotechnology","master","master","Aalborg University (AAU)","Aalborg","","2 years","engineering-technology","Description How can we develop methods for identification of microorganisms in the human body? What are the roles of proteins in infected tissue? And how can we manufacture therapeutic substances by means of proteins and microorganisms?…","https://www.en.aau.dk/education/master/biotechnology/medical-biotechnology","https://studyindenmark.dk/portal/aalborg-university-aau/aalborg/medical-biotechnology-specialisation-of","","","","","2026-08-02"
"university-of-southern-denmark-sdu:odense:medicinal-chemistry","Medicinal Chemistry","master","master","University of Southern Denmark (SDU)","Odense","","2 years","natural-science","Description This master’s programme is focused on the interdisciplinary field between chemistry, molecular biology and medical science.…","https://www.sdu.dk/en/uddannelse/kandidat/medicinalkemi","https://studyindenmark.dk/portal/university-of-southern-denmark-sdu/odense/medicinal-chemistry","","","","","2026-08-02"
"university-of-copenhagen-ucph:north-campus:medicinal-chemistry","Medicinal Chemistry","master","master","University of Copenhagen (UCPH)","North Campus","","2 years","design-architecture-arts | natural-science","Description Are you fascinated by organic chemistry and designing potential drug substances? Then the master’s programme in Medicinal Chemistry is the answer for you.…","https://www.ku.dk/studies/masters/medicinal-chemistry","https://studyindenmark.dk/portal/university-of-copenhagen-ucph/north-campus/medicinal-chemistry","","","","","2026-08-02"
"aarhus-university-au:aarhus:medicinal-chemistry","Medicinal Chemistry","master","master","Aarhus University (AU)","Aarhus","","2 years","natural-science","Aarhus University’s MSc in Medicinal Chemistry builds on a strong chemical foundation. It is a flexible study programme that can be tailored to the specific interests of the individual student, while aligning with the interests of industry,…","https://masters.au.dk/medicinal-chemistry","https://studyindenmark.dk/portal/aarhus-university-au/aarhus/medicinal-chemistry","","","","","2026-08-02"
"aalborg-university-aau:aalborg:medicine-with-industrial-specialisation-msc","Medicine with Industrial Specialisation, MSc","master","master","Aalborg University (AAU)","Aalborg","","2 years","health-life-science | education-learning","Description Medicine with Industrial Specialisation is a two year Master´s programme. The education is implemented as a series of courses and problem-based project work.…","https://www.en.aau.dk/education/master/medicine-industrial-specialisation","https://studyindenmark.dk/portal/aalborg-university-aau/aalborg/medicine-with-industrial-specialisation-msc","","","","","2026-08-02"
"aarhus-university-au:aarhus:molecular-biology","Molecular Biology","master","master","Aarhus University (AU)","Aarhus","","2 years","business-management | natural-science","The MSc in Molecular Biology programme is both practical and research-oriented, reflecting the interests of business and industry, research institutions, and the public sector.…","https://masters.au.dk/molecularbiology","https://studyindenmark.dk/portal/aarhus-university-au/aarhus/molecular-biology","","","","","2026-08-02"
"university-of-copenhagen-ucph:north-campus:molecular-biomedicine","Molecular Biomedicine","master","master","University of Copenhagen (UCPH)","North Campus","","2 years","health-life-science | natural-science | society-politics","Description An MSc in Molecular Biomedicine enables you to do research within the field of biomedicine and to participate as a fully-fledged member of international research groups.…","https://www.ku.dk/studies/masters/molecular-biomedicine","https://studyindenmark.dk/portal/university-of-copenhagen-ucph/north-campus/molecular-biomedicine","","","","","2026-08-02"
"aarhus-university-au:aarhus:molecular-nutrition-and-food-technology","Molecular Nutrition and Food Technology","master","master","Aarhus University (AU)","Aarhus","","2 years","engineering-technology | health-life-science | natural-science","We are what we eat. The key message here, from health gurus and medical professionals alike, is that people need to tackle their health problems by eating the right food in the right quantities.…","https://masters.au.dk/molecularnutrition","https://studyindenmark.dk/portal/aarhus-university-au/aarhus/molecular-nutrition-and-food-technology","","","","","2026-08-02"
"business-academy-aarhus:aarhus:multimedia-design-ap-2027","Multimedia Design","bachelor","ap-degree","Business Academy Aarhus","Aarhus","120 ECTS","2 years","design-architecture-arts | it-data | communication-media","Dvouletý AP program v angličtině zaměřený na UX/UI, web, JavaScript, digitální obsah, e-commerce a profesionální využití AI.","https://www.baaa.dk/programmes/multimedia-design/","https://www.baaa.dk/programmes/multimedia-design/","annual-intake","Každoroční srpnový nástup","Škola uvádí jeden srpnový nástup každý rok. Konkrétní datum pro 2027/28 zatím nebylo zveřejněno.","https://www.baaa.dk/programmes/multimedia-design/","2026-08-02"
"danish-national-academy-of-music:esbjerg:musician-and-pedagogical-developer","Musician and pedagogical developer","bachelor","bachelor","Danish National Academy of Music","Esbjerg","","","design-architecture-arts","The programme is only available for Danish/Nordic speaking applicants. Uddannelsen Musiker og Musikpædagogisk Udvikler (MPU) henvender sig til både klassiske-, rytmiske-, kirkemusik- og folkemusikansøgere, der ønsker et virke som…","https://www.sdmk.dk/en/studies/study-programmes/musician-and-pedagogical-developer-mpu","https://studyindenmark.dk/portal/danish-national-academy-of-music/esbjerg/musician-and-pedagogical-developer","","","","","2026-08-02"
"aalborg-university-aau:aalborg:nanobiotechnology-msc-in-engineering","Nanobiotechnology, MSc in Engineering","master","master","Aalborg University (AAU)","Aalborg","","2 years","engineering-technology | design-architecture-arts","Description Nanotechnology is the discipline of designing, fabricating and controlling materials and components with dimensions on the nanoscale, i.e. from 1 to 100 nm.…","https://www.en.aau.dk/education/master/nanobiotechnology","https://studyindenmark.dk/portal/aalborg-university-aau/aalborg/nanobiotechnology-msc-in-engineering","","","","","2026-08-02"
"aalborg-university-aau:aalborg:nanomaterials-and-nanophysics-specialisation-of","Nanomaterials and Nanophysics, Specialisation of Materials and Nanotechnology","master","master","Aalborg University (AAU)","Aalborg","","2 years","engineering-technology | design-architecture-arts | society-politics","Description Nanotechnology can be used in numerous different contexts such as development of new materials and new technologies. The specialisation in Nanomaterials and Nanophysics focuses on designing, fabricating and controlling materials…","https://www.en.aau.dk/education/master/materials-nanotechnology/specialisations/nanomaterials-nanophysics/","https://studyindenmark.dk/portal/aalborg-university-aau/aalborg/nanomaterials-and-nanophysics-specialisation-of","","","","","2026-08-02"
"university-of-copenhagen-ucph:north-campus:nanoscience","Nanoscience","master","master","University of Copenhagen (UCPH)","North Campus","","2 years","natural-science","Description As a graduate student in Nanoscience, you will learn to exploit your knowledge within the fields of physics, chemistry and biology to understand nanoscopic systems in detail.…","https://www.ku.dk/studies/masters/nanoscience","https://studyindenmark.dk/portal/university-of-copenhagen-ucph/north-campus/nanoscience","","","","","2026-08-02"
"aarhus-university-au:aarhus:nanoscience","Nanoscience","master","master","Aarhus University (AU)","Aarhus","","2 years","engineering-technology | natural-science","Nanoscience is an interdisciplinary field within the natural sciences. It deals with understanding and utilising materials and phenomena at the nanoscale – that is, between 0.1 and 100 nanometres.…","https://masters.au.dk/nanoscience","https://studyindenmark.dk/portal/aarhus-university-au/aarhus/nanoscience","","","","","2026-08-02"
"university-of-copenhagen-ucph:sino-danish-center-beijing-china:nanoscience-and-technology","Nanoscience and Technology","master","master","University of Copenhagen (UCPH)","Sino Danish Center Beijing China","","2 years","engineering-technology","Description MSc in Nanoscience and Technology is a new graduate programme, and the first of its kind in China. It is an interdisciplinary and research-based programme with a focus on theoretical, experimental and practical subjects.…","https://www.ku.dk/studies/masters/nanoscience-and-technology","https://studyindenmark.dk/portal/university-of-copenhagen-ucph/sino-danish-center-beijing-china/nanoscience-and-technology","","","","","2026-08-02"
"university-of-copenhagen-ucph:frederiksberg-campus:nature-management","Nature Management","master","master","University of Copenhagen (UCPH)","Frederiksberg / Copenhagen","","2 years","business-management | health-life-science | natural-science | sustainability-climate | society-politics","Description Sustainable development involves combining nature and the environment with various interests and human needs for goods and services like production of food and timber, a clean environment and leisure in a planned and regulated…","https://www.ku.dk/studies/masters/nature-management","https://studyindenmark.dk/portal/university-of-copenhagen-ucph/frederiksberg-campus/nature-management","","","","","2026-08-02"
"university-of-copenhagen-ucph:north-campus:neuroscience","Neuroscience","master","master","University of Copenhagen (UCPH)","North Campus","","2 years","health-life-science | natural-science","Description The MSc in Neuroscience is a theoretical and experimental Master of Science programme within the natural and health sciences concerned with basic neuroscience, translational neuroscience, and experimental clinical neuroscience.…","https://www.ku.dk/studies/masters/neuroscience","https://studyindenmark.dk/portal/university-of-copenhagen-ucph/north-campus/neuroscience","","","","","2026-08-02"
"danish-national-academy-of-music:esbjerg:nordic-master-in-folk-music","Nordic Master in Folk Music","master","master","Danish National Academy of Music","Esbjerg","","2 years","design-architecture-arts","The master’s programme in Nordic folk music is a joint inter-Nordic collaboration between SDMK in Esbjerg, the Sibelius Academy in Helsinki, the Ole Bull Academy in Voss and the Royal College of Music in Stockholm.…","https://www.sdmk.dk/en/studies/study-programmes/folk-musician","https://studyindenmark.dk/portal/danish-national-academy-of-music/esbjerg/nordic-master-in-folk-music","","","","","2026-08-02"
"the-royal-academy-of-music-aarhus-aalborg:aarhus-departement:nordic-master-in-jazz-nomazz","Nordic Master in Jazz (NOMAZZ)","master","master","Royal Academy of Music Aarhus/Aalborg","Aarhus Departement","","2 years","design-architecture-arts","The No rdic Ma ster in Ja zz (NOMAZZ) is a joint initiative between the Royal Academy of Music in Aarhus, the Sibelius Academy in Helsinki and the Royal College of Music in Stockholm.…","http://www.nomazz.net/","https://studyindenmark.dk/portal/the-royal-academy-of-music-aarhus-aalborg/aarhus-departement/nordic-master-in-jazz-nomazz","","","","","2026-08-02"
"roskilde-university-ruc:roskilde:nordic-urban-planning-studies","Nordic Urban Planning Studies","master","master","Roskilde University (RUC)","Roskilde","","2 years","sustainability-climate | society-politics","International perspectives on urban challenges and futures Nordic urban planning has recently become the focus of intensified interest from urbanists worldwide who are seeking to learn from innovative approaches to sustainability,…","https://ruc.dk/en/nordic-urban-planning-studies-singlesubject-master","https://studyindenmark.dk/portal/roskilde-university-ruc/roskilde/nordic-urban-planning-studies","","","","","2026-08-02"
"aalborg-university-aau:esbjerg:offshore-energy-systems-specialisation-of","Offshore Energy Systems, Specialisation of Sustainable Energy Engineering","master","master","Aalborg University (AAU)","Esbjerg","","2 years","engineering-technology | sustainability-climate","Description In the MSc programme Sustainable Energy Engineering with specialisation in Offshore Energy Systems, you will study technologies related to different kinds of energy systems such as offshore wind turbines, oil rigs, wave energy,…","https://www.en.aau.dk/education/master/sustainable-energy-engineering/offshore-energy-systems","https://studyindenmark.dk/portal/aalborg-university-aau/esbjerg/offshore-energy-systems-specialisation-of","","","","","2026-08-02"
"aalborg-university-aau:esbjerg:oil-gas-technology-specialisation-of-chemical","Oil & Gas Technology, Specialisation of Chemical Engineering","master","master","Aalborg University (AAU)","Esbjerg","","2 years","engineering-technology | natural-science","Description If you choose the specialization in Oil and Gas Technology at AAU Esbjerg, you work with e.g. geology, process technology and safety, and you gain insight into areas such as: Production of offshore installations Equipment and…","https://www.en.aau.dk/education/master/chemical-engineering/oil-and-gas-technology","https://studyindenmark.dk/portal/aalborg-university-aau/esbjerg/oil-gas-technology-specialisation-of-chemical","","","","","2026-08-02"
"aalborg-university-aau:aalborg:operations-and-innovation-management","Operations and Innovation Management, Specialisation of Management Engineering","master","master","Aalborg University (AAU)","Aalborg","","2 years","business-management | engineering-technology | natural-science | society-politics","Description Do you want a career as a Master of Science in Engineering who keeps a company up to date with the latest developments within innovative management styles?…","https://www.en.aau.dk/education/master/management-engineering/operations-and-innovation-management","https://studyindenmark.dk/portal/aalborg-university-aau/aalborg/operations-and-innovation-management","","","","","2026-08-02"
"aalborg-university-aau:aalborg:operations-and-supply-chain-management","Operations and Supply Chain Management, Specialisation of Management Engineering","master","master","Aalborg University (AAU)","Aalborg","","2 years","business-management | engineering-technology | society-politics | humanities-culture","Description Are you interested in production and business development? And do you dream about sharing knowledge and collaborate with colleagues across continents and cultures?…","https://www.en.aau.dk/education/master/management-engineering/operations-and-supply-chain-management","https://studyindenmark.dk/portal/aalborg-university-aau/aalborg/operations-and-supply-chain-management","","","","","2026-08-02"
"university-of-southern-denmark-sdu:odense:operations-management-msc","Operations Management (MSc)","master","master","University of Southern Denmark (SDU)","Odense","","2 years","business-management | engineering-technology | society-politics","Carry out and lead complex development projects at a strategic, tactical and operational level With an MSc in Engineering - Operations Management you will know how production technologies and supply chain management are used to develop the…","https://direc.to/iJKm","https://studyindenmark.dk/portal/university-of-southern-denmark-sdu/odense/operations-management-msc","","","","","2026-08-02"
"copenhagen-business-school-cbs:frederiksberg-campus:organisational-innovation-and-entrepreneurship","Organisational Innovation and Entrepreneurship (MSSc)","master","master","Copenhagen Business School (CBS)","Frederiksberg / Copenhagen","","2 years","business-management | design-architecture-arts | society-politics","Description The programme focuses on how to design and manage processes of innovation and entrepreneurship at all levels in society and businesses.…","https://www.cbs.dk/en/study-programmes/master-programmes/mssc-organisational-innovation-and-entrepreneurship","https://studyindenmark.dk/portal/copenhagen-business-school-cbs/frederiksberg-campus/organisational-innovation-and-entrepreneurship","","","","","2026-08-02"
"university-of-copenhagen-ucph:north-campus:pharmaceutical-sciences","Pharmaceutical Sciences","master","master","University of Copenhagen (UCPH)","North Campus","","2 years","health-life-science | natural-science | society-politics","Description The MSc in Pharmaceutical Sciences focuses on the various phases of the drug development process. You will learn about pharmaceuticals from the discovery and development of new active substances to their effect and use in…","https://www.ku.dk/studies/masters/pharmaceutical-sciences","https://studyindenmark.dk/portal/university-of-copenhagen-ucph/north-campus/pharmaceutical-sciences","","","","","2026-08-02"
"university-of-southern-denmark-sdu:odense:physics","Physics","master","master","University of Southern Denmark (SDU)","Odense","","2 years","natural-science","Career Opportunities With a degree in Physics, you have many career opportunities in Denmark as well as abroad. Physicists at the Department of Physics and Chemistry at University of Southern Denmark find employment in many different places…","https://www.sdu.dk/en/Uddannelse/Kandidat/Fysik","https://studyindenmark.dk/portal/university-of-southern-denmark-sdu/odense/physics","","","","","2026-08-02"
"university-of-copenhagen-ucph:north-campus:physics","Physics","master","master","University of Copenhagen (UCPH)","North Campus","","2 years","natural-science | society-politics","Description The MSc programme in Physics at University of Copenhagen takes place at the Niels Bohr Institute which offers an exciting international research community where the latest scientific breakthroughs are created.…","https://www.ku.dk/studies/masters/physics","https://studyindenmark.dk/portal/university-of-copenhagen-ucph/north-campus/physics","","","","","2026-08-02"
"aarhus-university-au:aarhus:physics","Physics","master","master","Aarhus University (AU)","Aarhus","","2 years","it-data | natural-science","You adjust the lasers in the lab before going to your next lecture on cold atoms. You feed your computer the latest measurements from the scanning tunnelling microscope, and see if the placement of the extra atoms on the surface matches…","https://masters.au.dk/physics","https://studyindenmark.dk/portal/aarhus-university-au/aarhus/physics","","","","","2026-08-02"
"roskilde-university-ruc:roskilde:physics-and-scientific-modelling","Physics and Scientific Modelling","master","master","Roskilde University (RUC)","Roskilde","","2 years","natural-science | society-politics | law","The programme is open for admission for students with a legal right of admission only Mathematical modelling is increasingly used in all parts of society e.g.…","https://ruc.dk/en/master/physics-and-scientific-modelling","https://studyindenmark.dk/portal/roskilde-university-ruc/roskilde/physics-and-scientific-modelling","","","","","2026-08-02"
"university-of-southern-denmark-sdu:sonderborg:physics-and-technology-msc","Physics and Technology (MSc)","master","master","University of Southern Denmark (SDU)","Sønderborg","","2 years","engineering-technology | natural-science","A Physics and Technology engineer combines the best of two worlds: the drive of a physicist to understand the basic principles of how the world works and the drive of an engineer to find new technological solutions to the challenges of our…","https://direc.to/jNn_","https://studyindenmark.dk/portal/university-of-southern-denmark-sdu/sonderborg/physics-and-technology-msc","","","","","2026-08-02"
"university-of-southern-denmark-sdu:odense:physics-and-technology-msc","Physics and Technology (MSc)","master","master","University of Southern Denmark (SDU)","Odense","","2 years","it-data | engineering-technology | natural-science","Find the answer to why and how technology works During your studies you will find the answer to why and how technology works – and you will use that knowledge to develop, for example, optically based faster computers or new optical…","https://direc.to/iHnU","https://studyindenmark.dk/portal/university-of-southern-denmark-sdu/odense/physics-and-technology-msc","","","","","2026-08-02"
"royal-danish-academy-architecture-design-and:copenhagen:political-architecture-critical-sustainability","Political Architecture: Critical Sustainability","master","master","Royal Danish Academy — Architecture, Design, Conservation","Copenhagen","","2 years","design-architecture-arts | sustainability-climate | society-politics","Description Political Architecture is our primary object and concern – a question and a statement in one. If politics pertains to the guidance and advancement of resources and forces in society, political architecture builds on an awareness…","https://royaldanishacademy.com/programme/political-architecture-critical-sustainability","https://studyindenmark.dk/portal/royal-danish-academy-architecture-design-and/copenhagen/political-architecture-critical-sustainability","","","","","2026-08-02"
"university-of-southern-denmark-sdu:odense:population-studies","Population Studies","master","master","University of Southern Denmark (SDU)","Odense","","2 years","natural-science | society-politics | education-learning","Description Gain a unique education fusing social sciences, quantitative methods, and programming and graduate with a widely demanded skillset.…","https://www.sdu.dk/en/uddannelse/kandidat/population-studies","https://studyindenmark.dk/portal/university-of-southern-denmark-sdu/odense/population-studies","","","","","2026-08-02"
"aalborg-university-aau:aalborg:power-electronics-and-drives-specialisation-of","Power Electronics and Drives, Specialisation of Energy Engineering","master","master","Aalborg University (AAU)","Aalborg","","2 years","engineering-technology","Description As a student of the study programme in Power Electronics and Drives (Energy Engineering), you will study efficient and intelligent energy conversion employing power electronic technology and electrical machines.…","https://www.en.aau.dk/education/master/energy-engineering/power-electronics-drives","https://studyindenmark.dk/portal/aalborg-university-aau/aalborg/power-electronics-and-drives-specialisation-of","","","","","2026-08-02"
"aalborg-university-aau:esbjerg:power-to-x-systems-specialisation-of-sustainable-energy-engineering","Power-to-X Systems, Specialisation of Sustainable Energy Engineering","master","master","Aalborg University (AAU)","Esbjerg","","2 Years","engineering-technology | sustainability-climate","The specialisation in Power-to-X systems gives you an understanding of carbon capture technology, electrolysis systems and green fuel production.","https://www.en.aau.dk/education/master/sustainable-energy-engineering/power-to-x-systems","https://studyindenmark.dk/portal/aalborg-university-aau/esbjerg/power-to-x-systems-specialisation-of-sustainable-energy-engineering","","","","","2026-08-02"
"university-of-southern-denmark-sdu:odense:product-development-and-innovation-engineering-msc","Product Development and Innovation Engineering (MSc)","master","master","University of Southern Denmark (SDU)","Odense","","2 years","business-management | engineering-technology | society-politics","Become an idea generator and product developer with comprehensive engineering knowledge and business acumen This product application or service could surely be done much better, you think.…","https://direc.to/iJLo","https://studyindenmark.dk/portal/university-of-southern-denmark-sdu/odense/product-development-and-innovation-engineering-msc","","","","","2026-08-02"
"university-college-absalon:vordingborg:professional-bachelor-s-degree-in-education","Professional Bachelor's Degree in Education","bachelor","bachelor","University College Absalon","Vordingborg","","4 years","society-politics | education-learning","Professional Bachelor's Degree in Education – International Profile Train to become a teacher in Denmark and gain skills for classrooms in a global world.…","https://en.phabsalon.dk/full-degree/professional-bachelors-degree-education","https://studyindenmark.dk/portal/university-college-absalon/vordingborg/professional-bachelor-s-degree-in-education","","","","","2026-08-02"
"university-of-southern-denmark-sdu:esbjerg:public-health","Public Health","master","master","University of Southern Denmark (SDU)","Esbjerg","","2 years","business-management | health-life-science | natural-science | society-politics","Description The master’s degree programme in Public Health Science develops your expertise in political, social and economic approaches to improving the health of populations and population groups.…","http://www.sdu.dk/en/Uddannelse/Kandidat/Folkesundhedsvidenskab","https://studyindenmark.dk/portal/university-of-southern-denmark-sdu/esbjerg/public-health","","","","","2026-08-02"
"copenhagen-business-school-cbs:frederiksberg-campus:public-management-and-social-development-msocsc","Public Management and Social Development (MSSc)","master","master","Copenhagen Business School (CBS)","Frederiksberg / Copenhagen","","2 years","business-management | society-politics","Description By exploring similarities and differences in contemporary challenges to the welfare of citizens in China and Europe, you will learn to manage and participate in social innovation at the interface between the public and private…","https://www.cbs.dk/en/study-programmes/master-programmes/mssc-public-management-and-social-development","https://studyindenmark.dk/portal/copenhagen-business-school-cbs/frederiksberg-campus/public-management-and-social-development-msocsc","","","","","2026-08-02"
"university-of-southern-denmark-sdu:odense:quantum-computing","Quantum Computing","master","master","University of Southern Denmark (SDU)","Odense","","2 years","business-management | it-data | engineering-technology","We are currently witnessing the start of the quantum industrial revolution. In 2023 the Danish government launched a new strategy to enhance quantum technology and NATO launched a center for quantum technology in Denmark.…","https://www.sdu.dk/en/uddannelse/kandidat/quantum-computing","https://studyindenmark.dk/portal/university-of-southern-denmark-sdu/odense/quantum-computing","","","","","2026-08-02"
"university-of-copenhagen-ucph:north-campus:quantum-information-science","Quantum Information Science","master","master","University of Copenhagen (UCPH)","North Campus","","2 years","natural-science","Do you want to be a part of a scientific field with growing job opportunities and large investments worldwide? Then you might take a look at the new two-year MSc programme in Quantum Information Science offered jointly between University of…","https://www.ku.dk/studies/masters/quantum-information-science","https://studyindenmark.dk/portal/university-of-copenhagen-ucph/north-campus/quantum-information-science","","","","","2026-08-02"
"university-of-copenhagen-ucph:south-campus:religious-roots-of-europe","Religious Roots of Europe","master","master","University of Copenhagen (UCPH)","South Campus","","2 years","society-politics | humanities-culture","Description This international and innovative Master's programme in the Religious Roots of Europe (RRE), offered by The Faculty of Theology, gives students a unique opportunity to explore the three major European religions - Christianity,…","http://studies.ku.dk/masters/religious-roots-of-europe/","https://studyindenmark.dk/portal/university-of-copenhagen-ucph/south-campus/religious-roots-of-europe","","","","","2026-08-02"
"aalborg-university-aau:esbjerg:risk-and-safety-management-msc-in-technology","Risk and Safety Management, MSc in Technology","master","master","Aalborg University (AAU)","Esbjerg","","2 years","business-management | engineering-technology","Description With a Master’s degree in Risk and Safety Management you will be able to help both public and private companies to create an overview of their safety and risks and to help them reach their goals within these fields.…","https://www.en.aau.dk/education/master/risk-safety-management","https://studyindenmark.dk/portal/aalborg-university-aau/esbjerg/risk-and-safety-management-msc-in-technology","","","","","2026-08-02"
"university-of-southern-denmark-sdu:odense:robot-systems-advanced-robotics-technology-drone","Robot Systems (Advanced Robotics Technology/Drone Technology)","master","master","University of Southern Denmark (SDU)","Odense","","2 years","it-data | engineering-technology | society-politics","Become an engineer in robotic technology at SDU in Odense - Denmark's Robot Valley As a MSc in Engineering in Robot Systems you can take part in the development that occurs within drone- and robot systems.…","https://direc.to/iHnX","https://studyindenmark.dk/portal/university-of-southern-denmark-sdu/odense/robot-systems-advanced-robotics-technology-drone","","","","","2026-08-02"
"aalborg-university-aau:aalborg:robotics-msc-in-engineering","Robotics, MSc in Engineering","master","master","Aalborg University (AAU)","Aalborg","","2 years","it-data | engineering-technology | natural-science | sustainability-climate","Description Robotics is a cross-curricular master's programme which draws on a number of research environments gathered in the robot research programme, robotics.aau.dk.…","https://www.en.aau.dk/education/master/robotics/","https://studyindenmark.dk/portal/aalborg-university-aau/aalborg/robotics-msc-in-engineering","","","","","2026-08-02"
"copenhagen-business-school-cbs:frederiksberg-campus:sales-management-msc","Sales Management (MSc)","master","master","Copenhagen Business School (CBS)","Frederiksberg / Copenhagen","","2 years","business-management | it-data","Description By combining tools and theories from customer insights and data analytics with knowledge of digital platforms and business model innovation you will learn to strategically position digitally based marketing and sales functions.…","https://www.cbs.dk/en/study-programmes/master-programmes/msc-economics-and-business-administration-sales-management","https://studyindenmark.dk/portal/copenhagen-business-school-cbs/frederiksberg-campus/sales-management-msc","","","","","2026-08-02"
"aarhus-university-au:aarhus:science-studies","Science Studies","master","master","Aarhus University (AU)","Aarhus","","2 years","engineering-technology | natural-science","Science and technology form part of our day-to-day lives, wherever we are. We constantly have to make decisions that draw on scientific and technological knowledge.…","https://masters.au.dk/sciencestudies","https://studyindenmark.dk/portal/aarhus-university-au/aarhus/science-studies","","","","","2026-08-02"
"university-of-copenhagen-ucph:city-campus:security-risk-management","Security Risk Management","master","master","University of Copenhagen (UCPH)","City Campus","","2 years","business-management | society-politics","Description The MSc in Security Risk Management provides students with a solid theoretical and empirical knowledge about security policy, risk analysis and organisations in a global and changeable world.…","https://www.ku.dk/studies/masters/security-risk-management","https://studyindenmark.dk/portal/university-of-copenhagen-ucph/city-campus/security-risk-management","","","","","2026-08-02"
"aalborg-university-aau:copenhagen:service-systems-design-msc","Service Systems Design, MSc","master","master","Aalborg University (AAU)","Copenhagen","","2 years","design-architecture-arts | communication-media","Description Service design is the activity of planning and organising people, infrastructure, communication, media and components of a service in order to improve its quality, the interaction between service provider and customers and the…","http://www.en.aau.dk/education/master/service-systems-design","https://studyindenmark.dk/portal/aalborg-university-aau/copenhagen/service-systems-design-msc","","","","","2026-08-02"
"university-of-copenhagen-ucph:city-campus:social-data-science","Social Data Science","master","master","University of Copenhagen (UCPH)","City Campus","120","2 years","business-management | it-data | design-architecture-arts | natural-science | society-politics | humanities-culture | education-learning","Description The programme combines state-of-the-art data science techniques, including machine learning, predictive analytics and natural language processing with core sociological, economic, anthropological, political science and…","https://www.ku.dk/studies/masters/social-data-science","https://studyindenmark.dk/portal/university-of-copenhagen-ucph/city-campus/social-data-science","","","","","2026-08-02"
"roskilde-university-ruc:roskilde:social-entrepreneurship-and-management","Social Entrepreneurship and Management","master","master","Roskilde University (RUC)","Roskilde","","2 years","business-management | society-politics | law","The programme is open for admission for students with a legal right of admission only Social Entrepreneurship and Management (int)The Social Entrepreneurship and Management programme is intended to produce graduates who can lead social…","https://ruc.dk/en/master/social-entrepreneurship-and-management","https://studyindenmark.dk/portal/roskilde-university-ruc/roskilde/social-entrepreneurship-and-management","","","","","2026-08-02"
"it-university-of-copenhagen-itu:kobenhavn:software-design","Software Design","master","master","IT University of Copenhagen (ITU)","Kobenhavn","","2 years","it-data | design-architecture-arts | society-politics","Description MSc in Software Design is a modern software development programme with strong relevance to industry, which builds on up-to-date solid theoretical foundations and close links with modern software research.…","https://en.itu.dk/programmes/msc-programmes/software-design","https://studyindenmark.dk/portal/it-university-of-copenhagen-itu/kobenhavn/software-design","","","","","2026-08-02"
"university-of-southern-denmark-sdu:sonderborg:software-engineering","Software Engineering","master","master","University of Southern Denmark (SDU)","Sønderborg","","2 years","it-data | engineering-technology | society-politics","Work with the development of future intelligent software that will make life easier for users As an MSc in Software Engineering you will work with the development of future intelligent software that will make life easier for users.…","https://direc.to/kQ4Y","https://studyindenmark.dk/portal/university-of-southern-denmark-sdu/sonderborg/software-engineering","","","","","2026-08-02"
"university-of-southern-denmark-sdu:odense:software-engineering","Software Engineering","master","master","University of Southern Denmark (SDU)","Odense","","2 years","it-data | engineering-technology | society-politics","Work with the development of future intelligent software that will make life easier for users As an MSc in Software Engineering you will work with the development of future intelligent software that will make life easier for users.…","https://direc.to/iHn2","https://studyindenmark.dk/portal/university-of-southern-denmark-sdu/odense/software-engineering","","","","","2026-08-02"
"university-of-southern-denmark-sdu:vejle:software-engineering-bsc","Software Engineering (BSc)","bachelor","bachelor","University of Southern Denmark (SDU)","Vejle","","3 years","it-data | engineering-technology","Build reliable and scalable software systems The bachelor’s programme in Software Engineering equips you with advanced technical and methodological skills to engineer software for all types of situations even for large and complex systems.…","https://direc.to/nwRe","https://studyindenmark.dk/portal/university-of-southern-denmark-sdu/vejle/software-engineering-bsc","","","","","2026-08-02"
"university-of-southern-denmark-sdu:sonderborg:software-engineering-bsc","Software Engineering (BSc)","bachelor","bachelor","University of Southern Denmark (SDU)","Sønderborg","","3 years","it-data | engineering-technology","Software engineers play a crucial role in the future. Are you one of them? Software has changed our world significantly in just a few decades, but what will be the next big steps?…","https://direc.to/iJ8c","https://studyindenmark.dk/portal/university-of-southern-denmark-sdu/sonderborg/software-engineering-bsc","","","","","2026-08-02"
"via-university-college:campus-horsens:software-technology-engineering","Software Technology Engineering","bachelor","bachelor","VIA University College","Campus Horsens","210","3,5 years","it-data | engineering-technology | society-politics","At Software Technology Engineering, you work with programming and system development. Software engineers contribute to shaping our future with new digital solutions and find work in many industries with challenges in software development,…","https://en.via.dk/programmes/bachelor/software-technology-engineering","https://studyindenmark.dk/portal/via-university-college/campus-horsens/software-technology-engineering","","","","","2026-08-02"
"aalborg-university-aau:copenhagen:software-msc-in-engineering","Software, MSc in Engineering","master","master","Aalborg University (AAU)","Copenhagen","","2 years","it-data | engineering-technology","Description The Master's programme in Software, AAU Copenhagen is for you who want to take advanced programming, mobile software technology and data-intensive systems to the next level.…","https://www.en.aau.dk/education/master/software-cph","https://studyindenmark.dk/portal/aalborg-university-aau/copenhagen/software-msc-in-engineering","","","","","2026-08-02"
"aarhus-university-au:aarhus:soils-and-global-change","Soils and Global Change","master","master","Aarhus University (AU)","Aarhus","","2 years","society-politics | education-learning","The Erasmus Mundus International Master’s in Soils and Global Change (IMSOGLO) offers you a unique international educational experience with a focused curriculum on soils and global change by bringing together the expertise of research…","https://masters.au.dk/soilsandglobalchange","https://studyindenmark.dk/portal/aarhus-university-au/aarhus/soils-and-global-change","","","","","2026-08-02"
"the-royal-academy-of-music-aarhus-aalborg:aarhus-departement:songwriting","Songwriting","master","master","Royal Academy of Music Aarhus/Aalborg","Aarhus Departement","","2 years","other","The Academy's jazz/pop programmes are very diverse, and we celebrate and use this diversity. The Songwriting programme is part of the Jazz/pop main area at the Academy but has its own curricula.…","https://musikkons.dk/en/programmes/jazz-pop/songwriting-composition/","https://studyindenmark.dk/portal/the-royal-academy-of-music-aarhus-aalborg/aarhus-departement/songwriting","","","","","2026-08-02"
"royal-danish-academy-architecture-design-and:copenhagen:spatial-design","Spatial Design","master","master","Royal Danish Academy — Architecture, Design, Conservation","Copenhagen","","2 years","design-architecture-arts | society-politics","Description The focus of the programme is the human scale and perception of space. Nationally and internationally, there is a demand for architects and designers who master the design of architectural details as part of the articulation of…","https://royaldanishacademy.com/programme/spatial-design-0","https://studyindenmark.dk/portal/royal-danish-academy-architecture-design-and/copenhagen/spatial-design","","","","","2026-08-02"
"royal-danish-academy-architecture-design-and:kalundborg:spatial-ecologies","Spatial Ecologies","master","master","Royal Danish Academy — Architecture, Design, Conservation","Kalundborg","120 ECTS","2 years","design-architecture-arts | natural-science | sustainability-climate","Description Spatial Ecologies' understands architecture as a practice grounded in the material, ecological, and cultural layers that shape environments over time.…","https://royaldanishacademy.com/en/programme/spatial-ecologies","https://studyindenmark.dk/portal/royal-danish-academy-architecture-design-and/kalundborg/spatial-ecologies","","","","","2026-08-02"
"university-of-copenhagen-ucph:city-campus:statistics","Statistics","master","master","University of Copenhagen (UCPH)","City Campus","","2 years","other","Description The MSc in Statistics is a two-year degree programme that deals with the handling and controlling of uncertainty. Not in the sense that you make uncertainty disappear, but by incorporating uncertainty into your way of dealing…","https://www.ku.dk/studies/masters/statistics","https://studyindenmark.dk/portal/university-of-copenhagen-ucph/city-campus/statistics","","","","","2026-08-02"
"aarhus-university-au:aarhus:statistics","Statistics","master","master","Aarhus University (AU)","Aarhus","","2 years","other","The MSc degree in Statistics is a flexible programme that builds general competencies in statistics while allowing students to specialise in the particular branch of statistics of their choice, such as one of the areas in which Aarhus…","https://masters.au.dk/statistics","https://studyindenmark.dk/portal/aarhus-university-au/aarhus/statistics","","","","","2026-08-02"
"royal-danish-academy-architecture-design-and:copenhagen:strategic-design-entrepreneurship","Strategic Design & Entrepreneurship","master","master","Royal Danish Academy — Architecture, Design, Conservation","Copenhagen","","2 years","business-management | design-architecture-arts","Description Creating value through architecture and design is a challenge that requires being organisational and business savvy as much as it requires talent and skills.…","https://royaldanishacademy.com/programme/strategic-design-entrepreneurship","https://studyindenmark.dk/portal/royal-danish-academy-architecture-design-and/copenhagen/strategic-design-entrepreneurship","","","","","2026-08-02"
"copenhagen-business-school-cbs:frederiksberg-campus:strategic-design-and-entrepreneurship-msocsc","Strategic Design and Entrepreneurship (MSSc SDE)","master","master","Copenhagen Business School (CBS)","Frederiksberg / Copenhagen","","2 years","business-management | design-architecture-arts","Description Strategic Design and Entreprenurship is offered in collaboration with the Royal Danish Academy of Fine Arts Schools of Architecture, Design and Conservation.…","https://www.cbs.dk/en/study-programmes/master-programmes/mssc-strategic-design-and-entrepreneurship","https://studyindenmark.dk/portal/copenhagen-business-school-cbs/frederiksberg-campus/strategic-design-and-entrepreneurship-msocsc","","","","","2026-08-02"
"university-of-southern-denmark-sdu:odense:strategy-and-organization","Strategy and Organization","master","master","University of Southern Denmark (SDU)","Odense","","2 years","business-management","Description The Strategy & Organization program provides the students with the analytical skills to help organizations compete and operate effectively.…","http://www.sdu.dk/en/Uddannelse/Kandidat/CandMercStraOrgOd","https://studyindenmark.dk/portal/university-of-southern-denmark-sdu/odense/strategy-and-organization","","","","","2026-08-02"
"copenhagen-business-school-cbs:frederiksberg-campus:strategy-organisation-and-leadership-msc","Strategy, Organisation and Leadership (MSc)","master","master","Copenhagen Business School (CBS)","Frederiksberg / Copenhagen","","2 years","business-management","Description You will learn to combine theoretical insight with an understanding of the practical challenges of strategy, organisation and leadership.…","https://www.cbs.dk/en/study-programmes/master-programmes/msc-economics-and-business-administration-strategy-organisation","https://studyindenmark.dk/portal/copenhagen-business-school-cbs/frederiksberg-campus/strategy-organisation-and-leadership-msc","","","","","2026-08-02"
"aalborg-university-aau:aalborg:structural-and-civil-engineering-msc-in","Structural and Civil Engineering, MSc in Engineering","master","master","Aalborg University (AAU)","Aalborg","","2 years","engineering-technology | design-architecture-arts","Description The Master’s programme in Structural and Civil engineering at Aalborg University concerns the design and analysis of buildings and infrastructures.…","https://www.en.aau.dk/education/master/structural-and-civil-engineering","https://studyindenmark.dk/portal/aalborg-university-aau/aalborg/structural-and-civil-engineering-msc-in","","","","","2026-08-02"
"university-of-southern-denmark-sdu:sonderborg:supply-chain-digitalisation","Supply Chain Digitalisation","master","master","University of Southern Denmark (SDU)","Sønderborg","","2 years","it-data | design-architecture-arts | education-learning","Learn to optimize supply chains with artificial intelligence and machine learning The Master's programme in Supply Chain Digitalisation is the first in Denmark to focus on cutting-edge technologies such as machine learning, artificial…","https://direc.to/mYXB","https://studyindenmark.dk/portal/university-of-southern-denmark-sdu/sonderborg/supply-chain-digitalisation","","","","","2026-08-02"
"copenhagen-business-school-cbs:frederiksberg-campus:supply-chain-management-msc","Supply Chain Management (MSc)","master","master","Copenhagen Business School (CBS)","Frederiksberg / Copenhagen","","2 years","business-management","Description Combining quantitative and qualitative techniques, you will learn to manage the supply chain as a whole, integrate and synchronise intra- and inter-organisational processes, and create customer value.…","https://www.cbs.dk/en/study-programmes/master-programmes/msc-economics-and-business-administration-supply-chain","https://studyindenmark.dk/portal/copenhagen-business-school-cbs/frederiksberg-campus/supply-chain-management-msc","","","","","2026-08-02"
"aalborg-university-aau:aalborg-copenhagen:surveying-and-planning-msc","Surveying and Planning, MSc","master","master","Aalborg University (AAU)","Aalborg Copenhagen","","2 years","engineering-technology","Description Do you want to help shape the cities of the future? Do you think it would be exciting to work with GPS, 3D models and other high technology?…","https://www.en.aau.dk/education/master/surveying-planning-msc-in-tech-aal","https://studyindenmark.dk/portal/aalborg-university-aau/aalborg-copenhagen/surveying-and-planning-msc","","","","","2026-08-02"
"university-of-southern-denmark-sdu:esbjerg:sustainability-management","Sustainability Management","master","master","University of Southern Denmark (SDU)","Esbjerg","","2 years","business-management | natural-science | sustainability-climate | society-politics","Description The Sustainability Management program offered at SDU Esbjerg equips you with the knowledge and skills to lead organizations toward more sustainable practices, contributing to a more environmentally, socially, and economically…","https://www.sdu.dk/en/uddannelse/kandidat/candmerc-sustainability-management","https://studyindenmark.dk/portal/university-of-southern-denmark-sdu/esbjerg/sustainability-management","","","","","2026-08-02"
"aalborg-university-aau:copenhagen:sustainable-cities-msc-in-engineering","Sustainable Cities, MSc in Engineering","master","master","Aalborg University (AAU)","Copenhagen","","2 years","engineering-technology | sustainability-climate","Description In the future, up to 70-80% of the world population will live in cities, and thus it is important to handle the challenges they pose.…","http://www.en.aau.dk/education/master/sustainable-cities","https://studyindenmark.dk/portal/aalborg-university-aau/copenhagen/sustainable-cities-msc-in-engineering","","","","","2026-08-02"
"aalborg-university-aau:copenhagen:sustainable-design-msc-in-engineering","Sustainable Design, MSc in Engineering","master","master","Aalborg University (AAU)","Copenhagen","","2 years","engineering-technology | design-architecture-arts | sustainability-climate","Description The challenge of sustainable design is to develop products and networks, which can transform systems of consumption and production to be more sustainable.…","http://www.en.aau.dk/education/master/sustainable-design","https://studyindenmark.dk/portal/aalborg-university-aau/copenhagen/sustainable-design-msc-in-engineering","","","","","2026-08-02"
"aalborg-university-aau:esbjerg:sustainable-energy-engineering-msc-in-engineering","Sustainable Energy Engineering, MSc in Engineering","master","master","Aalborg University (AAU)","Esbjerg","","2 years","engineering-technology | sustainability-climate","Description Fluids and Process Systems Offshore Energy Systems Power-to-X Systems Career Opportunities With a Master’s in Sustainable Energy Engineering, you will have a strong and sustainable profile that will make you sought-after in the…","https://www.en.aau.dk/education/master/sustainable-energy-engineering/","https://studyindenmark.dk/portal/aalborg-university-aau/esbjerg/sustainable-energy-engineering-msc-in-engineering","","","","","2026-08-02"
"aalborg-university-aau:aalborg:sustainable-energy-planning-and-management","Sustainable Energy Planning and Management, Specialisation of Urban, Energy and Environmental Planning","master","master","Aalborg University (AAU)","Aalborg","","2 years","business-management | engineering-technology | natural-science | sustainability-climate | society-politics","Description As a Sustainable Energy Planning and Management student, you learn to understand the issues of the growing global demand for sustainable energy and energy efficiency.…","https://www.en.aau.dk/education/master/urban-energy-and-environmental-planning/sustainable-energy-planning-management","https://studyindenmark.dk/portal/aalborg-university-aau/aalborg/sustainable-energy-planning-and-management","","","","","2026-08-02"
"technical-university-of-denmark-dtu:dtu-hirtshals-campus:sustainable-fisheries-and-aquaculture","Sustainable Fisheries and Aquaculture","master","master","Technical University of Denmark (DTU)","Dtu Hirtshals Campus","","2 years","business-management | natural-science | sustainability-climate | society-politics","Description This programme focuses on the sustainable utilization of the aquatic environment and its resources, and the development of sustainable aquaculture production.It centres on fisheries, oceanography, and the management of aquatic…","https://www.dtu.dk/english/education/graduate/msc-programmes/sustainable-fisheries-and-aquaculture","https://studyindenmark.dk/portal/technical-university-of-denmark-dtu/dtu-hirtshals-campus/sustainable-fisheries-and-aquaculture","","","","","2026-08-02"
"aarhus-university-au:aarhus:sustainable-heritage-management","Sustainable Heritage Management","master","master","Aarhus University (AU)","Aarhus","","2 years","business-management | sustainability-climate","COMBINING THEORY WITH PRACTICE The MA programme in Sustainable Heritage Management at Aarhus University introduces you to the knowledge and competencies you will need to meet the multiple challenges of contemporary heritage policy,…","https://masters.au.dk/sustainableheritagemanagement","https://studyindenmark.dk/portal/aarhus-university-au/aarhus/sustainable-heritage-management","","","","","2026-08-02"
"university-college-south-denmark:haderslev:teacher-education-full-degree","Teacher Education - full degree","bachelor","bachelor","University College South Denmark","Haderslev","","4 years","education-learning","Description The Bachelor of Education is a four-year programme, which will qualify you to be a teacher for primary and lower secondary levels in Denmark in three subjects.…","https://www.ucsyd.dk/international/bachelor-programmes/teacher-education/","https://studyindenmark.dk/portal/university-college-south-denmark/haderslev/teacher-education-full-degree","","","","","2026-08-02"
"aalborg-university-aau:aalborg-copenhagen:techno-anthropology-msc","Techno-Anthropology, MSc","master","master","Aalborg University (AAU)","Aalborg Copenhagen","","2 years","natural-science | society-politics | humanities-culture","Description The Master’s programme in Techno-Anthropology combines competence in carrying out anthropological studies of techno-science cultures with technological insight.…","https://www.en.aau.dk/education/master/techno-anthropology-aal","https://studyindenmark.dk/portal/aalborg-university-aau/aalborg-copenhagen/techno-anthropology-msc","","","","","2026-08-02"
"aarhus-university-au:herning:technology-based-business-development","Technology Based Business Development","master","master","Aarhus University (AU)","Herning","","2 years","business-management | engineering-technology | natural-science | society-politics","The Master of Science in Engineering - Technology-Based Business Development in Herning teaches students to collect, comprehend and assess new technological insights in relation to business opportunities.…","https://masters.au.dk/technologybasedbusinessdevelopment","https://studyindenmark.dk/portal/aarhus-university-au/herning/technology-based-business-development","","","","","2026-08-02"
"the-royal-danish-academy-of-music:study-programmes-within-music-and-music-pedagogy:the-opera-academy-master","The Opera Academy - Master","master","master","Royal Danish Academy of Music","Study Programmes Within Music And Music Pedagogy","","2 years","design-architecture-arts","About the programme The Royal Danish Academy of Music (RDAM) offers a two-year Master’s programme in Voice specialising in opera. The program is provided in co-operation with The Royal Theatre .…","https://www.dkdm.dk/en/education/opera-academy","https://studyindenmark.dk/portal/the-royal-danish-academy-of-music/study-programmes-within-music-and-music-pedagogy/the-opera-academy-master","","","","","2026-08-02"
"aalborg-university-aau:aalborg:thermal-energy-and-process-engineering","Thermal Energy and Process Engineering, Specialisation of Energy Engineering","master","master","Aalborg University (AAU)","Aalborg","","2 years","engineering-technology","Description The MSc specialisation in Thermal Energy and Process Engineering is primarily focused on thermal energy technologies and systems, and it covers advanced aspects of energy system modelling, heat and mass transfer, control…","https://www.en.aau.dk/education/master/energy-engineering/thermal-energy-and-process-engineering","https://studyindenmark.dk/portal/aalborg-university-aau/aalborg/thermal-energy-and-process-engineering","","","","","2026-08-02"
"the-royal-danish-academy-of-music:study-programmes-within-music-and-music-pedagogy:tonmeister-sound-engineer-bachelor","Tonmeister/Sound Engineer - Bachelor","bachelor","bachelor","Royal Danish Academy of Music","Study Programmes Within Music And Music Pedagogy","","3 years","engineering-technology | design-architecture-arts | humanities-culture","Description The principal study is in music production and recording techniques. Tuition is also provided in aural studies, basic piano, music theory, history of music and much more.…","http://english.dkdm.dk/Studies/Admission","https://studyindenmark.dk/portal/the-royal-danish-academy-of-music/study-programmes-within-music-and-music-pedagogy/tonmeister-sound-engineer-bachelor","","","","","2026-08-02"
"the-royal-danish-academy-of-music:study-programmes-within-music-and-music-pedagogy:tonmeister-sound-engineer-master","Tonmeister/Sound Engineer - Master","master","master","Royal Danish Academy of Music","Study Programmes Within Music And Music Pedagogy","","2 years","engineering-technology | design-architecture-arts | humanities-culture","Description The principal study is in music production and recording techniques. Tuition is also provided in aural studies, basic piano, music theory, history of music and much more.…","http://english.dkdm.dk/Studies/Studying-at-the-Academy/Departments/Tonmeister","https://studyindenmark.dk/portal/the-royal-danish-academy-of-music/study-programmes-within-music-and-music-pedagogy/tonmeister-sound-engineer-master","","","","","2026-08-02"
"aalborg-university-aau:aalborg-copenhagen:tourism-ma","Tourism, MA","master","master","Aalborg University (AAU)","Aalborg Copenhagen","","2 years","business-management","Description The objective of the Master's programme is to enable you to develop professional competences which qualify you to work as a practice-oriented agent of change within enterprises and organisations in Denmark and abroad.…","http://www.en.aau.dk/education/master/tourism","https://studyindenmark.dk/portal/aalborg-university-aau/aalborg-copenhagen/tourism-ma","","","","","2026-08-02"
"aalborg-university-aau:aalborg:urban-architecture-specialisation-of-urban-design","Urban Architecture, Specialisation of Urban Design","master","master","Aalborg University (AAU)","Aalborg","","2 years","design-architecture-arts | society-politics","Description The Msc programme in Urban Design with a specialization in Urban Architecture takes its point of departure in a number of current and future challenges in the field of urban development and urban design.…","http://www.en.aau.dk/education/master/urban-design-msc-in-tech/specialisations/urban-architecture","https://studyindenmark.dk/portal/aalborg-university-aau/aalborg/urban-architecture-specialisation-of-urban-design","","","","","2026-08-02"
"aalborg-university-aau:aalborg:urban-design","Urban Design","master","master","Aalborg University (AAU)","Aalborg","","2 years","design-architecture-arts","Description Do you want to create the cities of the future? Through the master's programme in Urban Design, you learn to apply professional design methods, working analytically with complex issues concerning urbanity, urban planning, the…","https://www.en.aau.dk/education/master/urban-design-msc-in-technology","https://studyindenmark.dk/portal/aalborg-university-aau/aalborg/urban-design","","","","","2026-08-02"
"aalborg-university-aau:aalborg:urban-planning-and-management-specialisation-of","Urban Planning and Management, Specialisation of Urban, Energy and Environmental Planning","master","master","Aalborg University (AAU)","Aalborg","","2 years","business-management | engineering-technology | natural-science | sustainability-climate | society-politics","Description The Master's Programme in Urban Planning and Management enables candidates to understand and cope with the challenges of urban development in the 21st century through a unique integration of engineering and social science.…","https://www.en.aau.dk/education/master/urban-energy-and-environmental-planning/urban-planning-and-management","https://studyindenmark.dk/portal/aalborg-university-aau/aalborg/urban-planning-and-management-specialisation-of","","","","","2026-08-02"
"royal-danish-academy-architecture-design-and:copenhagen:urbanism-and-societal-change","Urbanism and Societal Change","master","master","Royal Danish Academy — Architecture, Design, Conservation","Copenhagen","","2 years","design-architecture-arts | society-politics","Description MA in Urbanism and Societal Change is based upon the ambitions to a) embed the architectural/urban project within the dynamic conditions of contemporary society, b) couple research and design within the project process, and c)…","https://royaldanishacademy.com/programme/urbanism-and-societal-change","https://studyindenmark.dk/portal/royal-danish-academy-architecture-design-and/copenhagen/urbanism-and-societal-change","","","","","2026-08-02"
"royal-danish-academy-architecture-design-and:copenhagen:visual-game-and-media-design","Visual Game and Media Design","master","master","Royal Danish Academy — Architecture, Design, Conservation","Copenhagen","","2 years","it-data | design-architecture-arts | communication-media","Description Visual Game and Media Design is an intensive two-year programme for students wishing to do creative work in game design, visual media, and beyond.…","https://royaldanishacademy.com/programme/visual-game-and-media-design","https://studyindenmark.dk/portal/royal-danish-academy-architecture-design-and/copenhagen/visual-game-and-media-design","","","","","2026-08-02"
"aalborg-university-aau:copenhagen:visual-studies-and-art-education","Visual Studies and Art Education","master","master","Aalborg University (AAU)","Copenhagen","","2 years","business-management | it-data | design-architecture-arts | society-politics | communication-media | education-learning","Description In the Nordic Master in Visual Studies and Art Education, students acquire relevant practical and theoretical skills in art, education, digital communication and project management to work in cross-cultural and international…","https://www.en.aau.dk/education/master/visual-studies-and-art-education","https://studyindenmark.dk/portal/aalborg-university-aau/copenhagen/visual-studies-and-art-education","","","","","2026-08-02"
"university-of-copenhagen-ucph:sino-danish-center-beijing-china:water-and-environment","Water and Environment","master","master","University of Copenhagen (UCPH)","Sino Danish Center Beijing China","","2 years","business-management | natural-science | sustainability-climate","Description The two-year MSc programme in Water and Environment enables you to work professionally with the sustainable use and management of the world's freshwater resources. The programme takes place in China, near Beijing.…","https://www.ku.dk/studies/masters/water-and-environment","https://studyindenmark.dk/portal/university-of-copenhagen-ucph/sino-danish-center-beijing-china/water-and-environment","","","","","2026-08-02"
"aalborg-university-aau:aalborg:water-and-environmental-engineering-msc-in","Water and Environmental Engineering, MSc in Engineering","master","master","Aalborg University (AAU)","Aalborg","","2 years","engineering-technology | natural-science | sustainability-climate","Description As the population of the world increases and people gather in cities more and more, the need for a proper water supply and water drainage intensifies from day to day.…","https://www.en.aau.dk/education/master/water-environmental-engineering","https://studyindenmark.dk/portal/aalborg-university-aau/aalborg/water-and-environmental-engineering-msc-in","","","","","2026-08-02"
"university-of-southern-denmark-sdu:kolding:web-communication-design","Web Communication Design","master","master","University of Southern Denmark (SDU)","Kolding","","2 years","business-management | it-data | design-architecture-arts | communication-media","Description The MSc in IT – Web Communication Design is a master programme offered in English. This MSc is a multi-disciplinary graduate programme that combines IT, communication, and organisation.…","https://www.sdu.dk/en/uddannelse/kandidat/cand_it_webcommunication_design","https://studyindenmark.dk/portal/university-of-southern-denmark-sdu/kolding/web-communication-design","","","","","2026-08-02"
"aalborg-university-aau:aalborg:wind-power-systems-specialisation-of-energy","Wind Power Systems, Specialisation of Energy Engineering","master","master","Aalborg University (AAU)","Aalborg","","2","engineering-technology","Description The wind industry is developing rapidly; many new technologies are being applied. New problems are being revealed due to the large penetration of wind power systems into the network grid.…","https://www.en.aau.dk/education/master/energy-engineering/wind-power-systems","https://studyindenmark.dk/portal/aalborg-university-aau/aalborg/wind-power-systems-specialisation-of-energy","","","","","2026-08-02"
